--
-- PostgreSQL database dump
--

-- Dumped from database version 15.8
-- Dumped by pg_dump version 17.5 (Homebrew)

SET statement_timeout = 0;
SET lock_timeout = 0;
SET idle_in_transaction_session_timeout = 0;
SET transaction_timeout = 0;
SET client_encoding = 'UTF8';
SET standard_conforming_strings = on;
SELECT pg_catalog.set_config('search_path', '', false);
SET check_function_bodies = false;
SET xmloption = content;
SET client_min_messages = warning;
SET row_security = off;

--
-- Data for Name: audit_log_entries; Type: TABLE DATA; Schema: auth; Owner: supabase_auth_admin
--

COPY auth.audit_log_entries (instance_id, id, payload, created_at, ip_address) FROM stdin;
\.


--
-- Data for Name: flow_state; Type: TABLE DATA; Schema: auth; Owner: supabase_auth_admin
--

COPY auth.flow_state (id, user_id, auth_code, code_challenge_method, code_challenge, provider_type, provider_access_token, provider_refresh_token, created_at, updated_at, authentication_method, auth_code_issued_at) FROM stdin;
\.


--
-- Data for Name: users; Type: TABLE DATA; Schema: auth; Owner: supabase_auth_admin
--

COPY auth.users (instance_id, id, aud, role, email, encrypted_password, email_confirmed_at, invited_at, confirmation_token, confirmation_sent_at, recovery_token, recovery_sent_at, email_change_token_new, email_change, email_change_sent_at, last_sign_in_at, raw_app_meta_data, raw_user_meta_data, is_super_admin, created_at, updated_at, phone, phone_confirmed_at, phone_change, phone_change_token, phone_change_sent_at, email_change_token_current, email_change_confirm_status, banned_until, reauthentication_token, reauthentication_sent_at, is_sso_user, deleted_at, is_anonymous) FROM stdin;
\.


--
-- Data for Name: identities; Type: TABLE DATA; Schema: auth; Owner: supabase_auth_admin
--

COPY auth.identities (provider_id, user_id, identity_data, provider, last_sign_in_at, created_at, updated_at, id) FROM stdin;
\.


--
-- Data for Name: instances; Type: TABLE DATA; Schema: auth; Owner: supabase_auth_admin
--

COPY auth.instances (id, uuid, raw_base_config, created_at, updated_at) FROM stdin;
\.


--
-- Data for Name: sessions; Type: TABLE DATA; Schema: auth; Owner: supabase_auth_admin
--

COPY auth.sessions (id, user_id, created_at, updated_at, factor_id, aal, not_after, refreshed_at, user_agent, ip, tag) FROM stdin;
\.


--
-- Data for Name: mfa_amr_claims; Type: TABLE DATA; Schema: auth; Owner: supabase_auth_admin
--

COPY auth.mfa_amr_claims (session_id, created_at, updated_at, authentication_method, id) FROM stdin;
\.


--
-- Data for Name: mfa_factors; Type: TABLE DATA; Schema: auth; Owner: supabase_auth_admin
--

COPY auth.mfa_factors (id, user_id, friendly_name, factor_type, status, created_at, updated_at, secret, phone, last_challenged_at, web_authn_credential, web_authn_aaguid) FROM stdin;
\.


--
-- Data for Name: mfa_challenges; Type: TABLE DATA; Schema: auth; Owner: supabase_auth_admin
--

COPY auth.mfa_challenges (id, factor_id, created_at, verified_at, ip_address, otp_code, web_authn_session_data) FROM stdin;
\.


--
-- Data for Name: one_time_tokens; Type: TABLE DATA; Schema: auth; Owner: supabase_auth_admin
--

COPY auth.one_time_tokens (id, user_id, token_type, token_hash, relates_to, created_at, updated_at) FROM stdin;
\.


--
-- Data for Name: refresh_tokens; Type: TABLE DATA; Schema: auth; Owner: supabase_auth_admin
--

COPY auth.refresh_tokens (instance_id, id, token, user_id, revoked, created_at, updated_at, parent, session_id) FROM stdin;
\.


--
-- Data for Name: sso_providers; Type: TABLE DATA; Schema: auth; Owner: supabase_auth_admin
--

COPY auth.sso_providers (id, resource_id, created_at, updated_at) FROM stdin;
\.


--
-- Data for Name: saml_providers; Type: TABLE DATA; Schema: auth; Owner: supabase_auth_admin
--

COPY auth.saml_providers (id, sso_provider_id, entity_id, metadata_xml, metadata_url, attribute_mapping, created_at, updated_at, name_id_format) FROM stdin;
\.


--
-- Data for Name: saml_relay_states; Type: TABLE DATA; Schema: auth; Owner: supabase_auth_admin
--

COPY auth.saml_relay_states (id, sso_provider_id, request_id, for_email, redirect_to, created_at, updated_at, flow_state_id) FROM stdin;
\.


--
-- Data for Name: schema_migrations; Type: TABLE DATA; Schema: auth; Owner: supabase_auth_admin
--

COPY auth.schema_migrations (version) FROM stdin;
20171026211738
20171026211808
20171026211834
20180103212743
20180108183307
20180119214651
20180125194653
00
20210710035447
20210722035447
20210730183235
20210909172000
20210927181326
20211122151130
20211124214934
20211202183645
20220114185221
20220114185340
20220224000811
20220323170000
20220429102000
20220531120530
20220614074223
20220811173540
20221003041349
20221003041400
20221011041400
20221020193600
20221021073300
20221021082433
20221027105023
20221114143122
20221114143410
20221125140132
20221208132122
20221215195500
20221215195800
20221215195900
20230116124310
20230116124412
20230131181311
20230322519590
20230402418590
20230411005111
20230508135423
20230523124323
20230818113222
20230914180801
20231027141322
20231114161723
20231117164230
20240115144230
20240214120130
20240306115329
20240314092811
20240427152123
20240612123726
20240729123726
20240802193726
20240806073726
20241009103726
\.


--
-- Data for Name: sso_domains; Type: TABLE DATA; Schema: auth; Owner: supabase_auth_admin
--

COPY auth.sso_domains (id, sso_provider_id, domain, created_at, updated_at) FROM stdin;
\.


--
-- Data for Name: key; Type: TABLE DATA; Schema: pgsodium; Owner: supabase_admin
--

COPY pgsodium.key (id, status, created, expires, key_type, key_id, key_context, name, associated_data, raw_key, raw_key_nonce, parent_key, comment, user_data) FROM stdin;
\.


--
-- Data for Name: Admin; Type: TABLE DATA; Schema: public; Owner: postgres
--

COPY public."Admin" (id, name, username, password, "defaulPassword", "createdAt", "updatedAt") FROM stdin;
1	admin	admin	@dm!n	Default123	2024-11-13 10:06:26	2024-11-13 10:06:27
\.


--
-- Data for Name: ArchivedProduct; Type: TABLE DATA; Schema: public; Owner: postgres
--

COPY public."ArchivedProduct" (id, original_product_id, name, image_url, category_id, status, "archivedAt") FROM stdin;
33	65	Cream-O	https://xcyhfnsqhvcrdakrqkyh.supabase.co/storage/v1/object/public/canteen/products/6dd2f8a4-6ac0-4049-80b4-d341313c354b	7	NOT_AVAILABLE	2025-05-19 08:38:37.153
41	60	Presto	https://xcyhfnsqhvcrdakrqkyh.supabase.co/storage/v1/object/public/canteen/products/56103a48-1107-4d72-8ea4-c3e8da60adfa	7	NOT_AVAILABLE	2025-05-27 10:28:03.168
47	42	Nova	https://xcyhfnsqhvcrdakrqkyh.supabase.co/storage/v1/object/public/canteen/products/b27b3b7a-0cbb-435c-b20b-a09f3c8e4bb6	9	AVAILABLE	2025-05-27 11:26:10.899
\.


--
-- Data for Name: Cashier; Type: TABLE DATA; Schema: public; Owner: postgres
--

COPY public."Cashier" (id, first_name, last_name, username, password, "createdAt", "updatedAt") FROM stdin;
5	Danica 	Gonzaga	Danni	Dan2x15	2025-03-18 04:42:51.385	2025-03-18 04:50:46.842
1	Deserrie	Gumonit	Deserrie	cashier123	2024-11-13 10:16:31	2025-03-31 01:43:41.004
7	test	test	cashieradmin	@dm!n	2025-05-30 13:44:26	2025-05-30 13:44:29
\.


--
-- Data for Name: Category; Type: TABLE DATA; Schema: public; Owner: postgres
--

COPY public."Category" (id, name, "createdAt", "updatedAt") FROM stdin;
2	Dessert	2024-11-13 08:33:25.231	2024-11-13 08:33:25.231
3	Rice	2024-11-13 08:33:29.185	2024-11-13 08:33:29.185
6	Snack	2024-11-18 07:26:40.636	2024-11-18 07:26:40.636
7	Biscuit	2025-03-27 05:45:48.791	2025-03-27 05:45:48.791
5	Drinks	2024-11-13 08:33:48.862	2025-03-27 06:04:58.397
1	Lunch	2024-11-13 08:33:18.083	2025-03-27 06:17:39.001
8	Noodles	2025-03-27 06:28:06.979	2025-03-27 06:28:24.519
9	Junk Foods	2025-03-27 06:34:50.224	2025-03-27 06:34:50.224
10	Breakfast	2025-03-31 01:52:30.943	2025-03-31 01:52:30.943
\.


--
-- Data for Name: Customer; Type: TABLE DATA; Schema: public; Owner: postgres
--

COPY public."Customer" (id, first_name, last_name, contact_number, "createdAt", "updatedAt") FROM stdin;
68622	Angelica 	Terec	N/A	2025-02-17 12:28:38.515	2025-02-17 12:28:38.515
3381	Catherine Leah	Gabo	none	2025-02-27 00:13:47.904	2025-02-27 00:13:47.904
2984	Sasha	Uy	none	2025-02-27 00:14:42.788	2025-02-27 00:14:42.788
\.


--
-- Data for Name: Product; Type: TABLE DATA; Schema: public; Owner: postgres
--

COPY public."Product" (id, name, image_url, category_id, status, "createdAt", "updatedAt") FROM stdin;
17	Lumpia	https://xcyhfnsqhvcrdakrqkyh.supabase.co/storage/v1/object/public/canteen/products/6d81c37a-934b-4a5c-b442-29091c629073	1	AVAILABLE	2024-11-22 03:57:25.996	2025-05-21 02:33:55.046
71	Rebisco	https://xcyhfnsqhvcrdakrqkyh.supabase.co/storage/v1/object/public/canteen/products/2ae2214d-b19a-4219-8566-c3c0dd2fe4c6	7	NOT_AVAILABLE	2025-06-09 01:18:53.277	2025-06-09 01:18:53.277
19	Sprite	https://xcyhfnsqhvcrdakrqkyh.supabase.co/storage/v1/object/public/canteen/products/2ce8420a-d6a3-4885-9b44-68fa612817d6	5	AVAILABLE	2024-11-25 05:05:20.695	2025-04-04 01:48:15.024
12	Menudo	https://xcyhfnsqhvcrdakrqkyh.supabase.co/storage/v1/object/public/canteen/products/8ead98c9-3d26-42ba-802c-6322bdaf474a	1	AVAILABLE	2024-11-20 02:09:45.333	2025-04-04 01:48:15.024
20	Royal	https://xcyhfnsqhvcrdakrqkyh.supabase.co/storage/v1/object/public/canteen/products/19d3b473-2f3b-4fb7-9a28-5c6c7d649873	5	AVAILABLE	2024-11-25 05:06:23.693	2025-04-04 01:48:15.024
21	ice cream	https://xcyhfnsqhvcrdakrqkyh.supabase.co/storage/v1/object/public/canteen/products/5e5f25de-76aa-40ef-8530-18cabdba4751	2	AVAILABLE	2024-11-25 05:10:09.024	2025-04-04 01:48:15.024
25	Pancit Canton	https://xcyhfnsqhvcrdakrqkyh.supabase.co/storage/v1/object/public/canteen/products/5fa6e2ed-6396-4a4e-aad3-8c23c0579541	6	AVAILABLE	2024-11-25 05:19:06.763	2025-05-06 09:09:46.12
61	Magic Flakes	https://xcyhfnsqhvcrdakrqkyh.supabase.co/storage/v1/object/public/canteen/products/fd455e01-8aa2-48eb-8eb9-fc06ca158f77	7	NOT_AVAILABLE	2025-05-14 06:47:49.259	2025-05-14 06:47:49.259
72	Pork Longganisa	https://xcyhfnsqhvcrdakrqkyh.supabase.co/storage/v1/object/public/canteen/products/d4ba1b36-e30d-4bde-acb0-9250b4ce5964	10	NOT_AVAILABLE	2025-06-09 01:19:29.117	2025-06-09 01:19:29.117
22	shakoy	https://xcyhfnsqhvcrdakrqkyh.supabase.co/storage/v1/object/public/canteen/products/58d83a98-ae28-4e8d-b5b5-9dfe2a7059b6	6	AVAILABLE	2024-11-25 05:10:54.266	2025-04-04 01:48:15.024
23	empanada	https://xcyhfnsqhvcrdakrqkyh.supabase.co/storage/v1/object/public/canteen/products/afcb3fad-9d87-4c19-8825-6c70453633fa	6	AVAILABLE	2024-11-25 05:17:48.771	2025-04-04 01:48:15.024
26	fishball	https://xcyhfnsqhvcrdakrqkyh.supabase.co/storage/v1/object/public/canteen/products/bd4e8ea3-4555-424b-b51e-53d140714a56	6	AVAILABLE	2024-11-25 05:19:55.858	2025-04-04 01:48:15.024
13	Fried Rice	https://xcyhfnsqhvcrdakrqkyh.supabase.co/storage/v1/object/public/canteen/products/154005d7-359f-414f-bc42-f0008fb4ae06	3	AVAILABLE	2024-11-20 03:32:06.836	2025-04-04 01:48:15.024
14	Fried Chicken	https://xcyhfnsqhvcrdakrqkyh.supabase.co/storage/v1/object/public/canteen/products/062704f6-a28c-469a-9717-f51afe0e0714	1	AVAILABLE	2024-11-22 03:34:25.951	2025-04-04 01:48:15.024
27	suman	https://xcyhfnsqhvcrdakrqkyh.supabase.co/storage/v1/object/public/canteen/products/2cd37c8a-b34e-49b9-9174-aac5373214ff	6	AVAILABLE	2025-03-27 05:16:47.298	2025-04-04 01:48:15.024
33	C2	https://xcyhfnsqhvcrdakrqkyh.supabase.co/storage/v1/object/public/canteen/products/33317e7a-48a0-479d-9f71-ac2e2244ca95	5	AVAILABLE	2025-03-27 06:07:19.659	2025-04-22 07:09:07.507
32	Buddy	https://xcyhfnsqhvcrdakrqkyh.supabase.co/storage/v1/object/public/canteen/products/999b1283-1df6-4f62-af0c-2f1b13c1a711	7	AVAILABLE	2025-03-27 06:01:45.879	2025-04-04 01:48:15.024
42	Nova	https://xcyhfnsqhvcrdakrqkyh.supabase.co/storage/v1/object/public/canteen/products/b27b3b7a-0cbb-435c-b20b-a09f3c8e4bb6	9	AVAILABLE	2025-03-27 06:36:19.799	2025-04-25 00:20:16.712
41	Bottle Water	https://xcyhfnsqhvcrdakrqkyh.supabase.co/storage/v1/object/public/canteen/products/0403a5a1-71fd-494c-8064-03c63a273069	5	AVAILABLE	2025-03-27 06:33:39.863	2025-04-25 02:16:35.322
35	Hansel	https://xcyhfnsqhvcrdakrqkyh.supabase.co/storage/v1/object/public/canteen/products/ab0b3943-2c9c-492e-a623-713d86c2f750	7	AVAILABLE	2025-03-27 06:11:29.507	2025-04-04 01:48:15.024
36	Fudgee Bar	https://xcyhfnsqhvcrdakrqkyh.supabase.co/storage/v1/object/public/canteen/products/a0d99c7b-6118-4586-b8be-3cae801d2fe6	7	AVAILABLE	2025-03-27 06:16:16.766	2025-04-04 01:48:15.024
38	Spicy Batchoy	https://xcyhfnsqhvcrdakrqkyh.supabase.co/storage/v1/object/public/canteen/products/31350e89-23fe-45b0-9c65-3dbd8c3c27cf	8	AVAILABLE	2025-03-27 06:29:05.967	2025-04-04 01:48:15.024
40	Sotanghon	https://xcyhfnsqhvcrdakrqkyh.supabase.co/storage/v1/object/public/canteen/products/e253d44b-5324-495d-ae81-521573964b62	8	AVAILABLE	2025-03-27 06:30:56.964	2025-04-04 01:48:15.024
43	Yakult	https://xcyhfnsqhvcrdakrqkyh.supabase.co/storage/v1/object/public/canteen/products/7fbfe803-67ba-4010-852e-b25de1caac29	5	AVAILABLE	2025-03-31 01:49:59.509	2025-04-04 01:48:15.024
45	Cheese Hotdog	https://xcyhfnsqhvcrdakrqkyh.supabase.co/storage/v1/object/public/canteen/products/37afb06f-dc12-4352-87f8-2ef8757db376	10	AVAILABLE	2025-03-31 01:58:28.864	2025-04-04 01:48:15.024
44	Boiled Egg	https://xcyhfnsqhvcrdakrqkyh.supabase.co/storage/v1/object/public/canteen/products/75f4be6b-af92-4baa-98d1-e90a4cb8783e	10	AVAILABLE	2025-03-31 01:55:01.916	2025-04-08 02:26:49.699
\.


--
-- Data for Name: ProductPriceHistory; Type: TABLE DATA; Schema: public; Owner: postgres
--

COPY public."ProductPriceHistory" (id, product_id, amount, "createdAt") FROM stdin;
162	71	0	2025-06-09 01:18:53.277
163	72	0	2025-06-09 01:19:29.117
96	17	10	2025-04-04 00:52:41.755
97	19	35	2025-04-04 00:52:42.347
98	12	50	2025-04-04 00:52:42.938
99	20	35	2025-04-04 00:52:43.528
100	21	25	2025-04-04 00:52:44.114
101	22	10	2025-04-04 00:52:44.703
102	23	20	2025-04-04 00:52:45.293
103	25	22	2025-04-04 00:52:45.878
104	26	15	2025-04-04 00:52:46.463
105	13	25	2025-04-04 00:52:47.052
106	14	30	2025-04-04 00:52:47.636
107	27	12	2025-04-04 00:52:48.222
112	32	12	2025-04-04 00:52:51.172
113	33	15	2025-04-04 00:52:51.759
115	35	12	2025-04-04 00:52:52.936
116	36	12	2025-04-04 00:52:53.535
118	38	25	2025-04-04 00:52:54.72
119	40	32	2025-04-04 00:52:55.306
120	41	15	2025-04-04 00:52:55.894
121	42	22	2025-04-04 00:52:56.483
122	43	14	2025-04-04 00:52:57.128
123	44	15	2025-04-04 00:52:57.716
124	45	18	2025-04-04 00:52:58.307
126	44	20	2025-04-07 09:25:44.381
127	44	25	2025-04-07 09:32:41.397
128	44	30	2025-04-07 09:33:42.925
129	44	30	2025-04-07 15:12:52.678
130	44	12	2025-04-07 15:13:36.748
131	44	12	2025-04-08 02:22:22.913
132	44	15	2025-04-08 02:22:56.81
133	44	10	2025-04-08 02:26:49.699
138	33	20	2025-04-22 07:09:07.507
141	42	25	2025-04-25 00:20:16.712
142	41	20	2025-04-25 02:16:39.086
143	41	20	2025-04-25 02:16:35.322
151	61	0	2025-05-14 06:47:49.259
156	17	15	2025-05-21 02:33:55.046
\.


--
-- Data for Name: Transaction; Type: TABLE DATA; Schema: public; Owner: postgres
--

COPY public."Transaction" (id, customer_id, cashier_id, transaction_type, total_cost, total_paid, is_fully_paid, "createdAt", "updatedAt") FROM stdin;
114	68622	1	CREDIT	67	67	t	2025-02-20 02:52:44.021	2025-02-20 02:55:56.524
6	\N	1	CASH	200	200	t	2024-10-15 09:11:58	2024-10-15 09:12:07
1000	\N	1	CASH	120	150	t	2024-11-18 01:46:24.284	2024-11-18 01:46:24.284
1001	\N	1	CASH	120	150	t	2024-11-18 01:47:36.543	2024-11-18 01:47:36.543
1002	\N	1	CASH	120	150	t	2024-11-18 01:48:23.797	2024-11-18 01:48:23.797
7	\N	1	CASH	120	150	t	2024-11-18 01:50:34.193	2024-11-18 01:50:34.193
8	\N	1	CASH	120	150	t	2024-11-18 01:50:37.503	2024-11-18 01:50:37.503
9	\N	1	CREDIT	170	200	t	2024-11-18 02:26:36.572	2024-11-18 02:26:36.572
10	\N	1	CASH	130	130	t	2024-11-18 02:27:55.874	2024-11-18 02:27:55.874
11	\N	1	CASH	180	200	t	2024-11-18 02:39:40.478	2024-11-18 02:39:40.478
118	68622	1	CREDIT	15	0	f	2025-02-25 12:28:34.082	2025-02-25 12:28:34.082
119	68622	1	CREDIT	15	0	f	2025-02-25 12:28:51.372	2025-02-25 12:28:51.372
120	\N	1	CASH	52	100	t	2025-02-25 12:29:19.742	2025-02-25 12:29:19.742
36	\N	1	CASH	200	200	t	2024-11-20 02:13:22.786	2024-11-20 02:13:22.786
76	\N	1	CASH	50	300	t	2024-12-04 02:50:15.466	2024-12-04 02:50:15.466
124	\N	1	CASH	32	100	t	2025-03-04 12:27:20.702	2025-03-04 12:27:20.702
77	\N	1	CASH	20	300	t	2024-12-04 02:50:39.728	2024-12-04 02:50:39.728
78	\N	1	CASH	50	300	t	2024-12-04 02:51:13.723	2024-12-04 02:51:13.723
79	\N	1	CASH	10	300	t	2024-12-04 02:51:35.524	2024-12-04 02:51:35.524
46	\N	1	CASH	15	200	t	2024-11-29 09:16:24.386	2024-11-29 09:16:24.386
37	\N	1	CASH	100	0	t	2024-11-22 03:18:13.34	2024-11-22 03:18:13.34
40	\N	1	CASH	30	30	t	2024-11-25 07:32:01.247	2024-11-25 07:32:01.247
41	\N	1	CASH	20	100	t	2024-11-28 05:32:23.193	2024-11-28 05:32:23.193
81	\N	1	CASH	50	300	t	2024-12-04 02:52:47.707	2024-12-04 02:52:47.707
47	\N	1	CASH	40	40	t	2024-12-02 06:19:33.9	2024-12-02 06:19:33.9
48	\N	1	CASH	30	30	t	2024-12-02 13:22:13.767	2024-12-02 13:22:13.767
49	\N	1	CASH	15	50	t	2024-12-02 13:25:42.404	2024-12-02 13:25:42.404
50	\N	1	CASH	15	50	t	2024-12-02 13:34:13.116	2024-12-02 13:34:13.116
82	\N	1	CASH	115	300	t	2024-12-04 02:53:57.968	2024-12-04 02:53:57.968
83	\N	1	CASH	85	300	t	2024-12-04 02:55:08.857	2024-12-04 02:55:08.857
84	\N	1	CASH	10	300	t	2024-12-04 02:55:46.362	2024-12-04 02:55:46.362
51	\N	1	CASH	20	20	t	2024-12-03 01:40:37.277	2024-12-03 01:40:37.277
52	\N	1	CASH	45	50	t	2024-12-03 01:45:44.334	2024-12-03 01:45:44.334
53	\N	1	CASH	45	50	t	2024-12-03 01:48:10.712	2024-12-03 01:48:10.712
54	\N	1	CASH	45	50	t	2024-12-03 01:54:17.913	2024-12-03 01:54:17.913
55	\N	1	CASH	15	50	t	2024-12-03 01:54:57.27	2024-12-03 01:54:57.27
56	\N	1	CASH	40	50	t	2024-12-03 01:59:16.438	2024-12-03 01:59:16.438
57	\N	1	CASH	77	80	t	2024-12-03 02:41:53.267	2024-12-03 02:41:53.267
58	\N	1	CASH	302	350	t	2024-12-03 04:54:58.897	2024-12-03 04:54:58.897
59	\N	1	CASH	120	300	t	2024-12-03 04:55:33.081	2024-12-03 04:55:33.081
60	\N	1	CASH	55	300	t	2024-12-03 04:56:19.963	2024-12-03 04:56:19.963
61	\N	1	CASH	30	300	t	2024-12-03 04:57:14.968	2024-12-03 04:57:14.968
62	\N	1	CASH	80	300	t	2024-12-03 04:58:02.609	2024-12-03 04:58:02.609
66	\N	1	CASH	70	100	t	2024-12-03 05:12:47.944	2024-12-03 05:12:47.944
67	\N	1	CASH	15	20	t	2024-12-03 05:28:45.851	2024-12-03 05:28:45.851
68	\N	1	CASH	85	100	t	2024-12-04 02:39:01.863	2024-12-04 02:39:01.863
69	\N	1	CASH	75	100	t	2024-12-04 02:39:16.565	2024-12-04 02:39:16.565
70	\N	1	CASH	220	300	t	2024-12-04 02:45:51.326	2024-12-04 02:45:51.326
71	\N	1	CASH	215	300	t	2024-12-04 02:46:39.202	2024-12-04 02:46:39.202
72	\N	1	CASH	235	300	t	2024-12-04 02:48:31.756	2024-12-04 02:48:31.756
73	\N	1	CASH	70	300	t	2024-12-04 02:48:54.927	2024-12-04 02:48:54.927
74	\N	1	CASH	50	300	t	2024-12-04 02:49:39.445	2024-12-04 02:49:39.445
75	\N	1	CASH	30	300	t	2024-12-04 02:49:49.451	2024-12-04 02:49:49.451
85	\N	1	CASH	10	300	t	2024-12-04 02:56:08.668	2024-12-04 02:56:08.668
86	\N	1	CASH	45	300	t	2024-12-04 02:56:23.83	2024-12-04 02:56:23.83
87	\N	1	CASH	10	300	t	2024-12-04 02:56:36.072	2024-12-04 02:56:36.072
88	\N	1	CASH	10	300	t	2024-12-04 02:56:48.957	2024-12-04 02:56:48.957
89	\N	1	CASH	10	300	t	2024-12-04 02:57:10.752	2024-12-04 02:57:10.752
90	\N	1	CASH	60	300	t	2024-12-04 02:57:53.619	2024-12-04 02:57:53.619
91	\N	1	CASH	60	300	t	2024-12-04 02:59:02.941	2024-12-04 02:59:02.941
115	\N	1	CASH	0	100	t	2025-02-20 02:53:33.876	2025-02-20 02:53:33.876
116	68622	1	CREDIT	97	97	t	2025-02-20 02:54:02.961	2025-02-27 00:19:14.336
104	68622	1	CREDIT	82	82	t	2025-02-17 12:30:36.051	2025-02-17 12:35:53.82
106	\N	1	CASH	32	100	t	2025-02-17 12:43:41.613	2025-02-17 12:43:41.613
109	\N	1	CASH	52	100	t	2025-02-18 09:41:29.289	2025-02-18 09:41:29.289
105	68622	1	CREDIT	87	87	t	2025-02-17 12:43:00.611	2025-02-18 09:46:01.9
107	68622	1	CREDIT	132	132	t	2025-02-18 09:39:21.538	2025-02-18 09:46:22.994
108	68622	1	CREDIT	114	114	t	2025-02-18 09:40:54.438	2025-02-18 09:48:06.098
110	68622	1	CREDIT	67	67	t	2025-02-18 09:41:52.873	2025-02-20 02:26:27.058
113	\N	1	CASH	67	100	t	2025-02-20 02:28:47.097	2025-02-20 02:28:47.097
111	68622	1	CREDIT	50	50	t	2025-02-19 15:34:14.59	2025-02-20 02:29:26.138
112	68622	1	CREDIT	306	306	t	2025-02-20 02:28:10.556	2025-02-20 02:30:17.346
125	2984	5	CREDIT	67	0	f	2025-03-18 04:53:20.589	2025-03-18 04:53:20.589
126	2984	5	CREDIT	25	0	f	2025-03-18 05:03:14.534	2025-03-18 05:03:14.534
122	3381	1	CREDIT	67	67	t	2025-03-04 12:26:09.311	2025-03-26 09:18:47.385
121	2984	1	CREDIT	57	29	f	2025-02-27 00:24:45.005	2025-04-28 22:27:56.645
127	\N	5	CASH	405	600	t	2025-03-31 05:21:14.731	2025-03-31 05:21:14.731
128	\N	1	CASH	15	15	t	2025-04-03 06:13:58.883	2025-04-03 06:13:58.883
129	\N	1	CASH	24	30	t	2025-04-03 06:52:43.632	2025-04-03 06:52:43.632
134	\N	1	CASH	15	20	t	2025-04-07 04:48:00.191	2025-04-07 04:48:00.191
135	\N	1	CASH	15	20	t	2025-04-07 04:48:17.608	2025-04-07 04:48:17.608
136	\N	1	CASH	15	20	t	2025-04-07 04:49:54.399	2025-04-07 04:49:54.399
123	3381	1	CREDIT	65	60	f	2025-03-04 12:26:49.44	2025-06-09 01:13:51.314
137	\N	1	CASH	15	20	t	2025-04-07 04:50:03.985	2025-04-07 04:50:03.985
138	\N	1	CASH	24	30	t	2025-04-07 04:51:10.947	2025-04-07 04:51:10.947
139	3381	1	CREDIT	15	0	f	2025-04-07 05:50:08.843	2025-04-07 05:50:08.843
140	\N	1	CASH	10	10	t	2025-04-07 23:43:18.382	2025-04-07 23:43:18.382
141	\N	1	CASH	10	10	t	2025-04-07 23:44:38.301	2025-04-07 23:44:38.301
142	\N	1	CASH	24	50	t	2025-04-08 02:01:24.179	2025-04-08 02:01:24.179
143	\N	1	CASH	24	50	t	2025-04-08 02:01:31.932	2025-04-08 02:01:31.932
144	\N	1	CASH	84	100	t	2025-04-08 02:11:12.142	2025-04-08 02:11:12.142
145	\N	1	CASH	30	50	t	2025-04-08 02:23:36.137	2025-04-08 02:23:36.137
146	\N	1	CASH	10	20	t	2025-04-08 02:27:53.355	2025-04-08 02:27:53.355
147	\N	5	CASH	45	100	t	2025-04-08 06:19:28.404	2025-04-08 06:19:28.404
117	68622	1	CREDIT	122	102	f	2025-02-25 12:27:30.263	2025-04-08 09:31:29.462
148	\N	5	CASH	108	200	t	2025-04-08 09:51:55.877	2025-04-08 09:51:55.877
149	\N	1	CASH	50	100	t	2025-04-10 00:26:05.181	2025-04-10 00:26:05.181
150	\N	5	CASH	15	100	t	2025-04-14 13:59:59.058	2025-04-14 13:59:59.058
151	\N	5	CASH	15	50	t	2025-04-22 07:04:27.305	2025-04-22 07:04:27.305
152	\N	5	CASH	10	100	t	2025-04-24 02:11:24.924	2025-04-24 02:11:24.924
153	\N	5	CASH	20	100	t	2025-04-24 02:25:42.908	2025-04-24 02:25:42.908
154	\N	5	CASH	40	40	t	2025-04-25 02:22:50.517	2025-04-25 02:22:50.517
155	\N	5	CASH	30	50	t	2025-04-28 22:24:03.249	2025-04-28 22:24:03.249
156	\N	5	CASH	18	100	t	2025-04-29 00:04:34.649	2025-04-29 00:04:34.649
157	3381	1	CREDIT	10	0	f	2025-04-29 23:56:53.214	2025-04-29 23:56:53.214
158	68622	1	CREDIT	18	0	f	2025-04-29 23:57:13.671	2025-04-29 23:57:13.671
159	2984	5	CREDIT	40	0	f	2025-05-15 01:46:19.457	2025-05-15 01:46:19.457
160	2984	5	CREDIT	40	0	f	2025-05-15 01:46:19.483	2025-05-15 01:46:19.483
161	\N	5	CASH	22	50	t	2025-05-15 01:46:51.098	2025-05-15 01:46:51.098
162	\N	5	CASH	20	100	t	2025-05-19 08:32:27.076	2025-05-19 08:32:27.076
163	\N	5	CASH	10	100	t	2025-05-21 02:28:54.158	2025-05-21 02:28:54.158
164	\N	5	CASH	15	100	t	2025-05-21 02:34:54.7	2025-05-21 02:34:54.7
165	\N	5	CASH	30	100	t	2025-05-28 01:16:23.284	2025-05-28 01:16:23.284
166	\N	7	CASH	85	100	t	2025-06-03 08:07:30.663	2025-06-03 08:07:30.663
167	3381	5	CREDIT	15	0	f	2025-06-09 01:07:51.918	2025-06-09 01:07:51.918
168	3381	5	CREDIT	15	0	f	2025-06-09 01:08:50.014	2025-06-09 01:08:50.014
169	\N	5	CASH	15	100	t	2025-06-09 01:09:43.779	2025-06-09 01:09:43.779
170	68622	5	CREDIT	15	0	f	2025-06-09 01:10:09.668	2025-06-09 01:10:09.668
\.


--
-- Data for Name: Orders; Type: TABLE DATA; Schema: public; Owner: postgres
--

COPY public."Orders" (id, product_id, transaction_id, quantity, product_price_id) FROM stdin;
25	12	36	2	98
26	12	37	1	98
60	12	58	2	98
29	14	40	1	106
50	14	52	1	106
52	14	53	1	106
54	14	54	1	106
62	14	58	3	106
61	17	58	2	96
44	21	47	1	100
59	21	57	1	100
30	23	41	1	102
48	23	51	1	102
56	23	56	2	102
58	25	57	1	103
42	26	46	1	104
43	26	47	1	104
45	26	48	2	104
46	26	49	1	104
47	26	50	1	104
49	26	52	1	104
51	26	53	1	104
53	26	54	1	104
55	26	55	1	104
57	26	57	2	104
63	26	58	1	104
230	44	135	1	123
233	32	138	2	112
237	32	142	2	112
238	32	143	2	112
242	33	147	3	113
246	33	151	1	113
250	14	155	1	106
259	23	162	1	102
263	17	166	1	156
264	33	166	1	138
265	12	166	1	98
223	32	129	2	112
221	41	127	27	120
222	44	128	1	123
231	44	136	1	123
232	41	137	1	120
239	44	144	7	130
243	36	148	9	116
247	44	152	1	133
251	45	156	1	124
260	17	163	1	96
95	12	70	3	98
97	12	71	3	98
101	12	72	2	98
108	12	73	1	98
109	12	74	1	98
66	13	58	1	105
83	13	66	1	105
88	13	68	1	105
90	13	69	2	105
96	14	71	1	106
102	14	72	1	106
94	17	70	1	96
99	17	71	1	96
104	17	72	1	96
107	17	73	2	96
105	19	72	2	97
73	21	62	2	100
82	21	66	1	100
85	21	68	1	100
89	21	69	1	100
93	21	70	1	100
100	22	71	1	101
106	22	72	1	101
64	23	58	1	102
196	23	116	1	102
68	23	59	3	102
70	23	60	2	102
81	23	66	1	102
86	23	68	1	102
92	23	70	1	102
197	26	116	1	104
67	26	59	4	104
69	26	60	1	104
71	26	61	2	104
72	26	62	2	104
84	26	67	1	104
87	26	68	1	104
91	26	70	1	104
98	26	71	1	104
103	26	72	1	104
266	26	167	1	104
234	41	139	1	120
240	44	145	2	132
244	12	149	1	98
248	33	153	1	138
252	44	157	1	133
111	12	76	1	98
114	12	78	1	98
117	12	81	1	98
119	12	82	2	98
120	12	83	1	98
129	12	90	1	98
131	12	91	1	98
185	12	112	1	98
183	13	112	2	105
110	14	75	1	106
124	14	86	1	106
160	14	104	1	106
168	14	107	1	106
172	14	108	1	106
178	14	111	1	106
184	14	112	1	106
112	17	77	1	96
115	17	79	1	96
122	17	84	1	96
123	17	85	1	96
126	17	87	1	96
127	17	88	1	96
128	17	89	1	96
130	17	90	1	96
132	17	91	1	96
186	17	112	1	96
121	19	83	1	97
163	19	105	1	97
169	19	107	1	97
113	22	77	1	101
159	23	104	1	102
161	23	105	1	102
166	23	107	1	102
171	23	108	1	102
174	23	109	1	102
176	23	110	1	102
179	23	111	1	102
181	23	112	2	102
118	26	82	1	104
125	26	86	1	104
167	26	107	1	104
177	26	110	1	104
182	26	112	1	104
253	45	158	1	124
261	17	164	1	156
267	26	168	1	104
268	26	169	1	104
269	26	170	1	104
229	44	134	1	123
235	17	140	1	96
236	17	141	1	96
241	44	146	1	133
245	41	150	1	120
249	33	154	2	138
254	42	159	1	141
255	42	160	1	141
256	26	160	1	104
257	26	159	1	104
258	25	161	1	103
262	14	165	1	106
203	13	117	1	105
198	14	116	1	106
202	14	117	1	106
215	14	123	1	106
187	21	112	1	100
209	21	121	1	100
220	21	126	1	100
190	23	113	1	102
193	23	114	1	102
200	23	117	1	102
207	23	120	1	102
211	23	122	1	102
213	23	123	1	102
218	23	125	1	102
188	25	112	1	103
191	26	113	1	104
194	26	114	1	104
201	26	117	1	104
204	26	118	1	104
205	26	119	1	104
212	26	122	1	104
214	26	123	1	104
219	26	125	1	104
\.


--
-- Data for Name: PaymentRecord; Type: TABLE DATA; Schema: public; Owner: postgres
--

COPY public."PaymentRecord" (id, customer_id, amount, "createdAt") FROM stdin;
85	68622	87	2025-02-18 09:46:06.645
86	68622	100	2025-02-18 09:46:15.759
87	68622	100	2025-02-18 09:46:16.456
88	68622	132	2025-02-18 09:46:23.322
89	68622	100	2025-02-18 09:46:24.187
90	68622	10	2025-02-18 09:47:20.827
91	68622	114	2025-02-18 09:48:06.503
92	68622	40	2025-02-18 09:48:07.644
93	68622	20	2025-02-18 23:47:09.065
94	68622	67	2025-02-20 02:26:27.561
95	68622	50	2025-02-20 02:26:28.515
96	68622	10	2025-02-20 02:27:11.279
97	68622	50	2025-02-20 02:29:27.172
98	68622	100	2025-02-20 02:29:30.674
99	68622	100	2025-02-20 02:30:01.779
100	68622	100	2025-02-20 02:30:11.232
101	68622	306	2025-02-20 02:30:18.469
102	68622	67	2025-02-20 02:55:57.867
103	68622	100	2025-02-20 02:56:01.416
104	68622	97	2025-02-27 00:19:14.732
105	68622	66	2025-02-27 00:19:15.989
106	2984	20	2025-02-27 00:25:30.603
107	3381	32	2025-03-04 12:30:52.76
108	3381	20	2025-03-04 12:32:20.175
79	68622	20	2025-02-17 12:32:38.391
80	68622	10	2025-02-17 12:33:41.698
81	68622	10	2025-02-17 12:33:46.045
82	68622	20	2025-02-17 12:35:16.831
83	68622	20	2025-02-17 12:35:47.082
84	68622	82	2025-02-17 12:35:55.863
109	3381	67	2025-03-26 09:18:49.53
110	3381	20	2025-03-26 09:18:52.382
111	68622	50	2025-03-27 05:12:58.656
112	3381	5	2025-04-04 06:18:03.039
113	3381	20	2025-04-04 06:37:30.652
114	3381	2	2025-04-04 06:41:41.617
115	3381	5	2025-04-04 06:42:17.446
116	68622	50	2025-04-08 09:31:30.891
117	3381	2	2025-04-09 23:58:56.461
118	3381	5	2025-04-28 02:33:26.862
119	2984	9	2025-04-28 22:27:58.828
120	3381	16	2025-06-09 01:13:52.743
\.


--
-- Data for Name: PaymentRecordList; Type: TABLE DATA; Schema: public; Owner: postgres
--

COPY public."PaymentRecordList" (id, amount, payment_record_id, transaction_id) FROM stdin;
85	87	85	105
86	100	86	107
87	100	87	107
88	132	88	107
89	100	89	108
90	10	90	108
91	114	91	108
92	40	92	110
93	20	93	110
94	67	94	110
95	50	95	111
96	10	96	111
97	50	97	111
98	100	98	112
99	100	99	112
100	100	100	112
101	306	101	112
102	67	102	114
103	100	103	116
104	97	104	116
105	66	105	117
106	20	106	121
107	32	107	122
108	20	108	122
79	20	79	104
80	10	80	104
81	10	81	104
82	20	82	104
83	20	83	104
84	82	84	104
109	67	109	122
110	20	110	123
111	50	111	117
112	5	112	123
113	20	113	123
114	2	114	123
115	5	115	123
116	50	116	117
117	2	117	123
118	5	118	123
119	9	119	121
120	16	120	123
\.


--
-- Data for Name: StockHistory; Type: TABLE DATA; Schema: public; Owner: postgres
--

COPY public."StockHistory" (id, product_id, quantity, "createdAt", "updatedAt") FROM stdin;
83	35	0	2025-04-04 00:52:53.235	2025-04-04 00:52:53.235
84	36	0	2025-04-04 00:52:53.83	2025-04-04 00:52:53.83
86	38	0	2025-04-04 00:52:55.012	2025-04-04 00:52:55.012
87	40	0	2025-04-04 00:52:55.602	2025-04-04 00:52:55.602
88	41	0	2025-04-04 00:52:56.187	2025-04-04 00:52:56.187
89	42	0	2025-04-04 00:52:56.834	2025-04-04 00:52:56.834
90	43	0	2025-04-04 00:52:57.423	2025-04-04 00:52:57.423
91	44	0	2025-04-04 00:52:58.012	2025-04-04 00:52:58.012
92	45	0	2025-04-04 00:52:58.617	2025-04-04 00:52:58.617
64	17	10	2025-04-04 00:52:42.053	2025-04-04 00:52:42.053
96	44	10	2025-04-04 03:31:29.008	2025-04-04 03:31:29.008
97	41	6	2025-04-04 03:32:42.663	2025-04-04 03:32:42.663
99	32	2	2025-04-07 02:35:23.335	2025-04-07 02:35:23.335
100	44	-1	2025-04-07 04:48:00.817	2025-04-07 04:48:00.817
101	44	-1	2025-04-07 04:48:18.165	2025-04-07 04:48:18.165
102	44	-1	2025-04-07 04:49:55.045	2025-04-07 04:49:55.045
103	41	-1	2025-04-07 04:50:04.695	2025-04-07 04:50:04.695
104	32	-2	2025-04-07 04:51:11.49	2025-04-07 04:51:11.49
105	41	-1	2025-04-07 05:50:09.411	2025-04-07 05:50:09.411
106	32	2	2025-04-07 07:41:21.97	2025-04-07 07:41:21.97
107	17	-1	2025-04-07 23:43:18.953	2025-04-07 23:43:18.953
108	17	-1	2025-04-07 23:44:39.024	2025-04-07 23:44:39.024
109	26	100	2025-04-07 23:45:57.405	2025-04-07 23:45:57.405
110	33	3	2025-04-08 00:34:30.043	2025-04-08 00:34:30.043
111	45	6	2025-04-08 00:34:42.551	2025-04-08 00:34:42.551
114	23	9	2025-04-08 00:35:12.116	2025-04-08 00:35:12.116
115	14	9	2025-04-08 00:35:29.997	2025-04-08 00:35:29.997
116	13	2	2025-04-08 01:57:43.558	2025-04-08 01:57:43.558
117	36	3	2025-04-08 01:57:58.233	2025-04-08 01:57:58.233
118	35	5	2025-04-08 01:58:08.072	2025-04-08 01:58:08.072
119	21	3	2025-04-08 01:59:35.056	2025-04-08 01:59:35.056
120	12	5	2025-04-08 02:00:27.835	2025-04-08 02:00:27.835
122	32	-2	2025-04-08 02:01:29.16	2025-04-08 02:01:29.16
123	32	-2	2025-04-08 02:01:37.584	2025-04-08 02:01:37.584
124	42	7	2025-04-08 02:06:23.46	2025-04-08 02:06:23.46
125	44	-7	2025-04-08 02:11:15.667	2025-04-08 02:11:15.667
126	44	2	2025-04-08 02:16:05.843	2025-04-08 02:16:05.843
127	44	-2	2025-04-08 02:23:38.953	2025-04-08 02:23:38.953
128	44	1	2025-04-08 02:27:06.934	2025-04-08 02:27:06.934
129	44	-1	2025-04-08 02:27:56.02	2025-04-08 02:27:56.02
130	33	-3	2025-04-08 06:19:34.802	2025-04-08 06:19:34.802
131	44	4	2025-04-08 06:29:57.155	2025-04-08 06:29:57.155
132	33	4	2025-04-08 06:31:12.157	2025-04-08 06:31:12.157
134	36	6	2025-04-08 09:50:45.984	2025-04-08 09:50:45.984
135	36	-9	2025-04-08 09:52:00.578	2025-04-08 09:52:00.578
136	12	-1	2025-04-10 00:26:05.739	2025-04-10 00:26:05.739
137	41	-1	2025-04-14 14:00:00.28	2025-04-14 14:00:00.28
138	33	-1	2025-04-22 07:04:32.725	2025-04-22 07:04:32.725
139	44	-1	2025-04-24 02:11:27.966	2025-04-24 02:11:27.966
140	33	-1	2025-04-24 02:25:45.778	2025-04-24 02:25:45.778
141	32	3	2025-04-25 02:21:51.814	2025-04-25 02:21:51.814
142	33	-2	2025-04-25 02:22:54.275	2025-04-25 02:22:54.275
143	25	3	2025-04-28 01:49:33.826	2025-04-28 01:49:33.826
65	19	0	2025-04-04 00:52:42.64	2025-04-04 00:52:42.64
66	12	0	2025-04-04 00:52:43.236	2025-04-04 00:52:43.236
67	20	0	2025-04-04 00:52:43.822	2025-04-04 00:52:43.822
68	21	0	2025-04-04 00:52:44.409	2025-04-04 00:52:44.409
69	22	0	2025-04-04 00:52:44.996	2025-04-04 00:52:44.996
70	23	0	2025-04-04 00:52:45.586	2025-04-04 00:52:45.586
71	25	0	2025-04-04 00:52:46.169	2025-04-04 00:52:46.169
72	26	0	2025-04-04 00:52:46.758	2025-04-04 00:52:46.758
73	13	0	2025-04-04 00:52:47.345	2025-04-04 00:52:47.345
74	14	0	2025-04-04 00:52:47.929	2025-04-04 00:52:47.929
75	27	0	2025-04-04 00:52:48.531	2025-04-04 00:52:48.531
80	32	0	2025-04-04 00:52:51.466	2025-04-04 00:52:51.466
81	33	0	2025-04-04 00:52:52.052	2025-04-04 00:52:52.052
144	14	-1	2025-04-28 22:24:09.881	2025-04-28 22:24:09.881
145	45	-1	2025-04-29 00:04:38.978	2025-04-29 00:04:38.978
146	44	-1	2025-04-29 23:56:54.311	2025-04-29 23:56:54.311
147	45	-1	2025-04-29 23:57:14.309	2025-04-29 23:57:14.309
148	33	4	2025-04-30 03:41:27.626	2025-04-30 03:41:27.626
149	42	-1	2025-05-15 01:46:22.218	2025-05-15 01:46:22.218
150	42	-1	2025-05-15 01:46:22.217	2025-05-15 01:46:22.217
151	26	-1	2025-05-15 01:46:22.517	2025-05-15 01:46:22.517
152	26	-1	2025-05-15 01:46:22.571	2025-05-15 01:46:22.571
153	25	-1	2025-05-15 01:46:53.93	2025-05-15 01:46:53.93
154	23	-1	2025-05-19 08:32:29.514	2025-05-19 08:32:29.514
155	17	-1	2025-05-21 02:28:57.201	2025-05-21 02:28:57.201
156	17	-1	2025-05-21 02:34:57.357	2025-05-21 02:34:57.357
157	14	-1	2025-05-28 01:16:24.018	2025-05-28 01:16:24.018
158	17	-1	2025-06-03 08:07:32.94	2025-06-03 08:07:32.94
159	33	-1	2025-06-03 08:07:34.07	2025-06-03 08:07:34.07
160	12	-1	2025-06-03 08:07:35.195	2025-06-03 08:07:35.195
161	26	-1	2025-06-09 01:07:52.749	2025-06-09 01:07:52.749
162	26	-1	2025-06-09 01:08:51.407	2025-06-09 01:08:51.407
163	26	-1	2025-06-09 01:09:44.52	2025-06-09 01:09:44.52
164	26	-1	2025-06-09 01:10:12.536	2025-06-09 01:10:12.536
\.


--
-- Data for Name: schema_migrations; Type: TABLE DATA; Schema: realtime; Owner: supabase_admin
--

COPY realtime.schema_migrations (version, inserted_at) FROM stdin;
20211116024918	2024-11-09 02:13:09
20211116045059	2024-11-09 02:13:09
20211116050929	2024-11-09 02:13:09
20211116051442	2024-11-09 02:13:09
20211116212300	2024-11-09 02:13:09
20211116213355	2024-11-09 02:13:09
20211116213934	2024-11-09 02:13:09
20211116214523	2024-11-09 02:13:09
20211122062447	2024-11-09 02:13:09
20211124070109	2024-11-09 02:13:09
20211202204204	2024-11-09 02:13:09
20211202204605	2024-11-09 02:13:09
20211210212804	2024-11-09 02:13:10
20211228014915	2024-11-09 02:13:10
20220107221237	2024-11-09 02:13:10
20220228202821	2024-11-09 02:13:10
20220312004840	2024-11-09 02:13:10
20220603231003	2024-11-09 02:13:10
20220603232444	2024-11-09 02:13:10
20220615214548	2024-11-09 02:13:10
20220712093339	2024-11-09 02:13:10
20220908172859	2024-11-09 02:13:10
20220916233421	2024-11-09 02:13:10
20230119133233	2024-11-09 02:13:10
20230128025114	2024-11-09 02:13:10
20230128025212	2024-11-09 02:13:10
20230227211149	2024-11-09 02:13:10
20230228184745	2024-11-09 02:13:10
20230308225145	2024-11-09 02:13:10
20230328144023	2024-11-09 02:13:10
20231018144023	2024-11-09 02:13:10
20231204144023	2024-11-09 02:13:10
20231204144024	2024-11-09 02:13:10
20231204144025	2024-11-09 02:13:10
20240108234812	2024-11-09 02:13:10
20240109165339	2024-11-09 02:13:10
20240227174441	2024-11-09 02:13:10
20240311171622	2024-11-09 02:13:10
20240321100241	2024-11-09 02:13:10
20240401105812	2024-11-09 02:13:10
20240418121054	2024-11-09 02:13:10
20240523004032	2024-11-09 02:13:10
20240618124746	2024-11-09 02:13:10
20240801235015	2024-11-09 02:13:10
20240805133720	2024-11-09 02:13:10
20240827160934	2024-11-09 02:13:10
20240919163303	2024-11-09 02:13:10
20240919163305	2024-11-09 02:13:10
20241019105805	2024-11-09 02:13:10
20241030150047	2024-11-12 23:48:46
20241108114728	2024-11-12 23:48:46
20241121104152	2024-11-27 04:42:37
20241130184212	2025-02-20 02:14:56
20241220035512	2025-02-20 02:14:56
20241220123912	2025-02-20 02:14:57
20241224161212	2025-02-20 02:14:57
20250107150512	2025-02-20 02:14:57
20250110162412	2025-02-20 02:14:57
20250123174212	2025-02-20 02:14:57
20250128220012	2025-02-20 02:14:57
20250506224012	2025-05-25 11:48:23
20250523164012	2025-05-30 05:42:21
\.


--
-- Data for Name: subscription; Type: TABLE DATA; Schema: realtime; Owner: supabase_admin
--

COPY realtime.subscription (id, subscription_id, entity, filters, claims, created_at) FROM stdin;
\.


--
-- Data for Name: buckets; Type: TABLE DATA; Schema: storage; Owner: supabase_storage_admin
--

COPY storage.buckets (id, name, owner, created_at, updated_at, public, avif_autodetection, file_size_limit, allowed_mime_types, owner_id) FROM stdin;
canteen	canteen	\N	2024-11-18 08:47:27.435794+00	2024-11-18 08:47:27.435794+00	t	f	\N	\N	\N
\.


--
-- Data for Name: migrations; Type: TABLE DATA; Schema: storage; Owner: supabase_storage_admin
--

COPY storage.migrations (id, name, hash, executed_at) FROM stdin;
0	create-migrations-table	e18db593bcde2aca2a408c4d1100f6abba2195df	2024-11-09 02:12:14.696065
1	initialmigration	6ab16121fbaa08bbd11b712d05f358f9b555d777	2024-11-09 02:12:14.753628
2	storage-schema	5c7968fd083fcea04050c1b7f6253c9771b99011	2024-11-09 02:12:14.808114
3	pathtoken-column	2cb1b0004b817b29d5b0a971af16bafeede4b70d	2024-11-09 02:12:14.886442
4	add-migrations-rls	427c5b63fe1c5937495d9c635c263ee7a5905058	2024-11-09 02:12:14.968654
5	add-size-functions	79e081a1455b63666c1294a440f8ad4b1e6a7f84	2024-11-09 02:12:15.034148
6	change-column-name-in-get-size	f93f62afdf6613ee5e7e815b30d02dc990201044	2024-11-09 02:12:15.093319
7	add-rls-to-buckets	e7e7f86adbc51049f341dfe8d30256c1abca17aa	2024-11-09 02:12:15.1524
8	add-public-to-buckets	fd670db39ed65f9d08b01db09d6202503ca2bab3	2024-11-09 02:12:15.208153
9	fix-search-function	3a0af29f42e35a4d101c259ed955b67e1bee6825	2024-11-09 02:12:15.267481
10	search-files-search-function	68dc14822daad0ffac3746a502234f486182ef6e	2024-11-09 02:12:15.325741
11	add-trigger-to-auto-update-updated_at-column	7425bdb14366d1739fa8a18c83100636d74dcaa2	2024-11-09 02:12:15.385129
12	add-automatic-avif-detection-flag	8e92e1266eb29518b6a4c5313ab8f29dd0d08df9	2024-11-09 02:12:15.448016
13	add-bucket-custom-limits	cce962054138135cd9a8c4bcd531598684b25e7d	2024-11-09 02:12:15.505766
14	use-bytes-for-max-size	941c41b346f9802b411f06f30e972ad4744dad27	2024-11-09 02:12:15.564008
15	add-can-insert-object-function	934146bc38ead475f4ef4b555c524ee5d66799e5	2024-11-09 02:12:15.652755
16	add-version	76debf38d3fd07dcfc747ca49096457d95b1221b	2024-11-09 02:12:15.710001
17	drop-owner-foreign-key	f1cbb288f1b7a4c1eb8c38504b80ae2a0153d101	2024-11-09 02:12:15.770416
18	add_owner_id_column_deprecate_owner	e7a511b379110b08e2f214be852c35414749fe66	2024-11-09 02:12:15.7857
19	alter-default-value-objects-id	02e5e22a78626187e00d173dc45f58fa66a4f043	2024-11-09 02:12:15.843888
20	list-objects-with-delimiter	cd694ae708e51ba82bf012bba00caf4f3b6393b7	2024-11-09 02:12:15.904648
21	s3-multipart-uploads	8c804d4a566c40cd1e4cc5b3725a664a9303657f	2024-11-09 02:12:15.968663
22	s3-multipart-uploads-big-ints	9737dc258d2397953c9953d9b86920b8be0cdb73	2024-11-09 02:12:16.050429
23	optimize-search-function	9d7e604cddc4b56a5422dc68c9313f4a1b6f132c	2024-11-09 02:12:16.130662
24	operation-function	8312e37c2bf9e76bbe841aa5fda889206d2bf8aa	2024-11-09 02:12:16.188186
25	custom-metadata	d974c6057c3db1c1f847afa0e291e6165693b990	2024-11-09 02:12:16.244072
\.


--
-- Data for Name: objects; Type: TABLE DATA; Schema: storage; Owner: supabase_storage_admin
--

COPY storage.objects (id, bucket_id, name, owner, created_at, updated_at, last_accessed_at, metadata, version, owner_id, user_metadata) FROM stdin;
f3e51b26-681e-4113-af96-72656beedbad	canteen	products/cf736a43-218f-475f-beac-aee845286041	\N	2024-11-18 23:58:19.380619+00	2024-11-18 23:58:19.380619+00	2024-11-18 23:58:19.380619+00	{"eTag": "\\"6d59d44c9caba5fb18866df187f12470\\"", "size": 102657, "mimetype": "image/jpeg", "cacheControl": "max-age=3600", "lastModified": "2024-11-18T23:58:20.000Z", "contentLength": 102657, "httpStatusCode": 200}	99a8d8b6-dafd-47be-9ffa-22c5959adfcc	\N	{}
675f6d34-eac7-4161-863e-9156d272de38	canteen	products/f2724680-6766-47b1-b738-9a3277842143	\N	2024-11-19 00:01:56.146798+00	2024-11-19 00:01:56.146798+00	2024-11-19 00:01:56.146798+00	{"eTag": "\\"e8f6f622a87f88b25e1fcd02f6e26edb\\"", "size": 9745, "mimetype": "image/jpeg", "cacheControl": "max-age=3600", "lastModified": "2024-11-19T00:01:57.000Z", "contentLength": 9745, "httpStatusCode": 200}	d9739ed3-f1df-4ee1-9da0-d25aecee3bcf	\N	{}
90fe563c-992a-487e-a1ac-14c9ed6bdcb5	canteen	products/5c0d83ec-657c-4d7e-b6a1-9207b40e6866	\N	2024-11-19 00:03:15.434523+00	2024-11-19 00:03:15.434523+00	2024-11-19 00:03:15.434523+00	{"eTag": "\\"708859aca736669f1b445bbcef3101ad\\"", "size": 70262, "mimetype": "image/jpeg", "cacheControl": "max-age=3600", "lastModified": "2024-11-19T00:03:16.000Z", "contentLength": 70262, "httpStatusCode": 200}	049baaee-736d-4a6e-92b5-4fcf73f6384c	\N	{}
475d29f2-0e5f-4ffa-b8be-8d311aa66260	canteen	products/ba801071-bfb5-49f3-8dc8-fa35081e9616	\N	2024-11-19 00:04:21.527385+00	2024-11-19 00:04:21.527385+00	2024-11-19 00:04:21.527385+00	{"eTag": "\\"b282d57f4175f36c3d915386969d096a\\"", "size": 4463, "mimetype": "image/png", "cacheControl": "max-age=3600", "lastModified": "2024-11-19T00:04:22.000Z", "contentLength": 4463, "httpStatusCode": 200}	ecc71880-6c5e-4c34-a6ec-59f5ae59dbb6	\N	{}
3e2bd1bd-f80c-4601-b859-1033cb10d713	canteen	products/ec0c3720-9a14-4b7d-b57f-c893950896b9	\N	2024-11-19 00:04:51.121618+00	2024-11-19 00:04:51.121618+00	2024-11-19 00:04:51.121618+00	{"eTag": "\\"b282d57f4175f36c3d915386969d096a\\"", "size": 4463, "mimetype": "image/png", "cacheControl": "max-age=3600", "lastModified": "2024-11-19T00:04:52.000Z", "contentLength": 4463, "httpStatusCode": 200}	214e4373-753f-442b-a4e9-3cd251f597da	\N	{}
c0a2ff24-8503-4f0a-a171-5ca2a8510102	canteen	products/be23731d-0a0e-483e-a0bf-23786d02356b	\N	2024-11-19 00:09:17.967028+00	2024-11-19 00:09:17.967028+00	2024-11-19 00:09:17.967028+00	{"eTag": "\\"708859aca736669f1b445bbcef3101ad\\"", "size": 70262, "mimetype": "image/jpeg", "cacheControl": "max-age=3600", "lastModified": "2024-11-19T00:09:18.000Z", "contentLength": 70262, "httpStatusCode": 200}	7f1043b7-e4df-4ef3-9222-07b92883767c	\N	{}
cadc5b3f-9547-4f7e-a40a-35f15edaf1a6	canteen	products/a9f14e03-7d91-40db-9746-5f8723b9e0ee	\N	2024-11-19 00:10:49.307904+00	2024-11-19 00:10:49.307904+00	2024-11-19 00:10:49.307904+00	{"eTag": "\\"708859aca736669f1b445bbcef3101ad\\"", "size": 70262, "mimetype": "image/jpeg", "cacheControl": "max-age=3600", "lastModified": "2024-11-19T00:10:50.000Z", "contentLength": 70262, "httpStatusCode": 200}	e9ec1cb0-6410-4f9c-909a-7cb3b7482120	\N	{}
4be561dd-80ef-4f69-a0ec-f4854f796f2f	canteen	products/94af7913-6871-4810-a772-fcf1b21c29e6	\N	2024-11-19 00:11:00.74211+00	2024-11-19 00:11:00.74211+00	2024-11-19 00:11:00.74211+00	{"eTag": "\\"708859aca736669f1b445bbcef3101ad\\"", "size": 70262, "mimetype": "image/jpeg", "cacheControl": "max-age=3600", "lastModified": "2024-11-19T00:11:01.000Z", "contentLength": 70262, "httpStatusCode": 200}	251ebe3e-ae0d-4df5-9361-b7b9999996cb	\N	{}
eb7d366c-18ef-48c2-84bd-4cc39efde10f	canteen	products/0ede327a-f74a-42b7-b5fc-2cf030593b8b	\N	2024-11-19 00:11:36.381405+00	2024-11-19 00:11:36.381405+00	2024-11-19 00:11:36.381405+00	{"eTag": "\\"708859aca736669f1b445bbcef3101ad\\"", "size": 70262, "mimetype": "image/jpeg", "cacheControl": "max-age=3600", "lastModified": "2024-11-19T00:11:37.000Z", "contentLength": 70262, "httpStatusCode": 200}	d011bcde-1f71-4c7c-90c6-f66bedc0c0ac	\N	{}
e2a25e4f-cd14-42a9-b386-dc855e061492	canteen	products/46eebccd-a2fa-4003-9853-e8cf2505b67b	\N	2024-11-19 00:12:05.775728+00	2024-11-19 00:12:05.775728+00	2024-11-19 00:12:05.775728+00	{"eTag": "\\"aa369c0e8cf3ff92cc5ad80a95f84080\\"", "size": 37369, "mimetype": "image/png", "cacheControl": "max-age=3600", "lastModified": "2024-11-19T00:12:06.000Z", "contentLength": 37369, "httpStatusCode": 200}	a1aeec0e-08cc-4f3e-a742-a5cfa9e7c338	\N	{}
8fe505cd-45da-4624-8ada-e8524d4ed042	canteen	products/e0898ad0-573e-4852-b5cf-f20c450104e7	\N	2024-11-19 00:16:56.550956+00	2024-11-19 00:16:56.550956+00	2024-11-19 00:16:56.550956+00	{"eTag": "\\"b282d57f4175f36c3d915386969d096a\\"", "size": 4463, "mimetype": "image/png", "cacheControl": "max-age=3600", "lastModified": "2024-11-19T00:16:57.000Z", "contentLength": 4463, "httpStatusCode": 200}	c1ba0a4d-5a7e-4fac-9d6d-0455ab4c3439	\N	{}
a020354e-e969-4a6a-a848-22a829fbf240	canteen	products/01699572-ddac-4909-9109-d79e32c0e452	\N	2024-11-19 04:55:15.888655+00	2024-11-19 04:55:15.888655+00	2024-11-19 04:55:15.888655+00	{"eTag": "\\"07d082b4263ef14685aec775b9ef6e96\\"", "size": 62476, "mimetype": "image/png", "cacheControl": "max-age=3600", "lastModified": "2024-11-19T04:55:16.000Z", "contentLength": 62476, "httpStatusCode": 200}	b100a41a-7be8-4c89-94d0-42da0321dec4	\N	{}
f2e8c719-df93-46dd-86af-8e3e1b8d5f3a	canteen	products/7d02bd58-7f31-4008-a8e3-235de336061f	\N	2024-11-20 02:09:44.848219+00	2024-11-20 02:09:44.848219+00	2024-11-20 02:09:44.848219+00	{"eTag": "\\"6d59d44c9caba5fb18866df187f12470\\"", "size": 102657, "mimetype": "image/jpeg", "cacheControl": "max-age=3600", "lastModified": "2024-11-20T02:09:45.000Z", "contentLength": 102657, "httpStatusCode": 200}	9461552e-a013-4a71-91e9-556713697e5b	\N	{}
d4f57e23-71e2-4ceb-b37d-cefecdd7c20d	canteen	products/c03327ce-01b3-48c2-9fa9-967f182b1bfd	\N	2024-11-20 03:32:06.278454+00	2024-11-20 03:32:06.278454+00	2024-11-20 03:32:06.278454+00	{"eTag": "\\"e8f6f622a87f88b25e1fcd02f6e26edb\\"", "size": 9745, "mimetype": "image/jpeg", "cacheControl": "max-age=3600", "lastModified": "2024-11-20T03:32:07.000Z", "contentLength": 9745, "httpStatusCode": 200}	ad50ace3-eef2-43b9-8bcf-e3d6ad343651	\N	{}
d4fda51e-4a78-4e2f-8489-9cab8860eb23	canteen	products/aa6ed5c7-cf40-48d7-9eb1-8c3f3e5f4c10	\N	2024-11-22 03:22:34.059924+00	2024-11-22 03:22:34.059924+00	2024-11-22 03:22:34.059924+00	{"eTag": "\\"84a3f48cc6f3f17ad7b3f84af8030ab2-3\\"", "size": 11211827, "mimetype": "image/jpeg", "cacheControl": "max-age=3600", "lastModified": "2024-11-22T03:22:34.000Z", "contentLength": 11211827, "httpStatusCode": 200}	cdeba30d-bfbd-45cd-b2cb-962a36fb3b95	\N	{}
0a903334-6d82-462d-9038-8c96eacbaf7f	canteen	products/ad02c891-93a7-4ae9-97ec-3bcc1a327882	\N	2024-11-22 03:22:36.07777+00	2024-11-22 03:22:36.07777+00	2024-11-22 03:22:36.07777+00	{"eTag": "\\"84a3f48cc6f3f17ad7b3f84af8030ab2-3\\"", "size": 11211827, "mimetype": "image/jpeg", "cacheControl": "max-age=3600", "lastModified": "2024-11-22T03:22:36.000Z", "contentLength": 11211827, "httpStatusCode": 200}	53d9cc55-48cb-4862-9c47-80881b62a53d	\N	{}
ba0744fd-1bcf-4dc9-b776-6f36b82d274a	canteen	products/4ff6ec08-7093-4ed9-ab48-81da794aa900	\N	2024-11-22 03:22:37.425608+00	2024-11-22 03:22:37.425608+00	2024-11-22 03:22:37.425608+00	{"eTag": "\\"84a3f48cc6f3f17ad7b3f84af8030ab2-3\\"", "size": 11211827, "mimetype": "image/jpeg", "cacheControl": "max-age=3600", "lastModified": "2024-11-22T03:22:37.000Z", "contentLength": 11211827, "httpStatusCode": 200}	2ce06db8-1e23-4b6e-b3e9-44fb2d89521b	\N	{}
685fafe2-f85f-4d48-ada4-9e8ca50c747c	canteen	products/91f40163-d33b-48bc-b0d0-8e685e7562a3	\N	2024-11-22 03:22:38.01315+00	2024-11-22 03:22:38.01315+00	2024-11-22 03:22:38.01315+00	{"eTag": "\\"84a3f48cc6f3f17ad7b3f84af8030ab2-3\\"", "size": 11211827, "mimetype": "image/jpeg", "cacheControl": "max-age=3600", "lastModified": "2024-11-22T03:22:38.000Z", "contentLength": 11211827, "httpStatusCode": 200}	5acb809a-d949-476a-90ac-cf7ced0c1904	\N	{}
4251b2de-1aab-4205-b025-6a80e2bf461c	canteen	products/663d15f9-8a6a-46fb-8ccb-48cde26bce1a	\N	2024-11-22 03:22:38.415651+00	2024-11-22 03:22:38.415651+00	2024-11-22 03:22:38.415651+00	{"eTag": "\\"84a3f48cc6f3f17ad7b3f84af8030ab2-3\\"", "size": 11211827, "mimetype": "image/jpeg", "cacheControl": "max-age=3600", "lastModified": "2024-11-22T03:22:38.000Z", "contentLength": 11211827, "httpStatusCode": 200}	970ba908-a909-4fe6-aa4c-6d0c8c3d8978	\N	{}
0d48552f-c398-42f8-9fe7-81981dbf7c88	canteen	products/f558cbef-d08a-4472-9267-8379d591e0da	\N	2024-11-22 03:32:13.849197+00	2024-11-22 03:32:13.849197+00	2024-11-22 03:32:13.849197+00	{"eTag": "\\"54a5f41a26ea9f6a227b16ba518c87ef\\"", "size": 51439, "mimetype": "image/jpeg", "cacheControl": "max-age=3600", "lastModified": "2024-11-22T03:32:14.000Z", "contentLength": 51439, "httpStatusCode": 200}	aaacf533-97a0-4640-b854-e068ffed42f9	\N	{}
2444d8a8-b8e5-44f9-82e4-9fec1c604446	canteen	products/186759ee-034b-405f-b179-56b3de901c66	\N	2024-11-22 03:32:13.93041+00	2024-11-22 03:32:13.93041+00	2024-11-22 03:32:13.93041+00	{"eTag": "\\"54a5f41a26ea9f6a227b16ba518c87ef\\"", "size": 51439, "mimetype": "image/jpeg", "cacheControl": "max-age=3600", "lastModified": "2024-11-22T03:32:14.000Z", "contentLength": 51439, "httpStatusCode": 200}	086955bd-d5b9-4414-b40f-64700c0b7553	\N	{}
0ece09eb-4b03-41bb-8b24-c97d32b530c8	canteen	products/a913b9a1-deb4-4c32-80cb-76de970d741f	\N	2024-11-22 03:33:35.333741+00	2024-11-22 03:33:35.333741+00	2024-11-22 03:33:35.333741+00	{"eTag": "\\"20284be2e2a72fdae96b87533adbbd09\\"", "size": 130285, "mimetype": "image/jpeg", "cacheControl": "max-age=3600", "lastModified": "2024-11-22T03:33:36.000Z", "contentLength": 130285, "httpStatusCode": 200}	bf2af066-6e1a-4f21-a205-534d273ae527	\N	{}
096f5e3d-d458-4315-8c19-427fd88a2208	canteen	products/154005d7-359f-414f-bc42-f0008fb4ae06	\N	2024-11-22 03:33:35.471948+00	2024-11-22 03:33:35.471948+00	2024-11-22 03:33:35.471948+00	{"eTag": "\\"20284be2e2a72fdae96b87533adbbd09\\"", "size": 130285, "mimetype": "image/jpeg", "cacheControl": "max-age=3600", "lastModified": "2024-11-22T03:33:36.000Z", "contentLength": 130285, "httpStatusCode": 200}	f97c17b2-6323-4e10-b49f-bbd8024995fb	\N	{}
29986ddc-8c55-4a9c-ad63-106dc7fb5dc5	canteen	products/997cc572-0f49-439d-bf7c-55ec8c7b6387	\N	2024-11-22 03:34:26.421452+00	2024-11-22 03:34:26.421452+00	2024-11-22 03:34:26.421452+00	{"eTag": "\\"84a3f48cc6f3f17ad7b3f84af8030ab2-3\\"", "size": 11211827, "mimetype": "image/jpeg", "cacheControl": "max-age=3600", "lastModified": "2024-11-22T03:34:26.000Z", "contentLength": 11211827, "httpStatusCode": 200}	6831f8c5-8e42-47c1-8c6c-1c7e449ce858	\N	{}
c5263297-2611-4ca9-b557-856eec6a1796	canteen	products/062704f6-a28c-469a-9717-f51afe0e0714	\N	2024-11-22 03:34:26.34795+00	2024-11-22 03:34:26.34795+00	2024-11-22 03:34:26.34795+00	{"eTag": "\\"84a3f48cc6f3f17ad7b3f84af8030ab2-3\\"", "size": 11211827, "mimetype": "image/jpeg", "cacheControl": "max-age=3600", "lastModified": "2024-11-22T03:34:26.000Z", "contentLength": 11211827, "httpStatusCode": 200}	40b8651e-f994-461a-ae27-5904a3a5958a	\N	{}
f067733a-376c-4045-bfcb-af833697fc85	canteen	products/65c067c9-91f1-42a0-ab16-a74ef8c281d0	\N	2024-11-22 03:51:51.365727+00	2024-11-22 03:51:51.365727+00	2024-11-22 03:51:51.365727+00	{"eTag": "\\"54a5f41a26ea9f6a227b16ba518c87ef\\"", "size": 51439, "mimetype": "image/jpeg", "cacheControl": "max-age=3600", "lastModified": "2024-11-22T03:51:52.000Z", "contentLength": 51439, "httpStatusCode": 200}	0e8533c6-c949-4fbf-a651-78d36bfb7606	\N	{}
279c6a35-410c-4f52-b7dc-327262934d77	canteen	products/0cebceb0-55e4-42ba-879b-6401b06b6146	\N	2024-11-22 03:51:51.774291+00	2024-11-22 03:51:51.774291+00	2024-11-22 03:51:51.774291+00	{"eTag": "\\"54a5f41a26ea9f6a227b16ba518c87ef\\"", "size": 51439, "mimetype": "image/jpeg", "cacheControl": "max-age=3600", "lastModified": "2024-11-22T03:51:52.000Z", "contentLength": 51439, "httpStatusCode": 200}	9611ad5a-54cb-404e-aeea-3af5b9cd6b29	\N	{}
f210c840-4704-4543-84aa-f4ed510e4edb	canteen	products/d3df4280-ead9-4ba9-9d64-c92f9b905b95	\N	2024-11-22 03:52:26.143306+00	2024-11-22 03:52:26.143306+00	2024-11-22 03:52:26.143306+00	{"eTag": "\\"54a5f41a26ea9f6a227b16ba518c87ef\\"", "size": 51439, "mimetype": "image/jpeg", "cacheControl": "max-age=3600", "lastModified": "2024-11-22T03:52:27.000Z", "contentLength": 51439, "httpStatusCode": 200}	322ecee4-2221-47b5-add9-35ba98843b39	\N	{}
8107d167-da10-4ffe-943c-fd9985c02efb	canteen	products/0c4fb701-636d-4b5f-9f5c-587ca7e59dde	\N	2024-11-22 03:52:26.905052+00	2024-11-22 03:52:26.905052+00	2024-11-22 03:52:26.905052+00	{"eTag": "\\"54a5f41a26ea9f6a227b16ba518c87ef\\"", "size": 51439, "mimetype": "image/jpeg", "cacheControl": "max-age=3600", "lastModified": "2024-11-22T03:52:27.000Z", "contentLength": 51439, "httpStatusCode": 200}	cd3ef97f-5567-4c08-a277-6e2a81301964	\N	{}
10aef33a-b472-454b-8862-169e70f2efd9	canteen	products/ca7f4a0c-b550-402d-8acf-8d875914666a	\N	2024-11-22 03:52:27.09857+00	2024-11-22 03:52:27.09857+00	2024-11-22 03:52:27.09857+00	{"eTag": "\\"54a5f41a26ea9f6a227b16ba518c87ef\\"", "size": 51439, "mimetype": "image/jpeg", "cacheControl": "max-age=3600", "lastModified": "2024-11-22T03:52:28.000Z", "contentLength": 51439, "httpStatusCode": 200}	8b4c4181-dec5-4585-886e-89a13875b516	\N	{}
d17e7f90-a85f-40a0-92ef-3ad008f4247a	canteen	products/8ead98c9-3d26-42ba-802c-6322bdaf474a	\N	2024-11-22 03:52:27.502383+00	2024-11-22 03:52:27.502383+00	2024-11-22 03:52:27.502383+00	{"eTag": "\\"54a5f41a26ea9f6a227b16ba518c87ef\\"", "size": 51439, "mimetype": "image/jpeg", "cacheControl": "max-age=3600", "lastModified": "2024-11-22T03:52:28.000Z", "contentLength": 51439, "httpStatusCode": 200}	41ba3140-9503-4ca1-9ad4-8d5b08996840	\N	{}
d310263a-28e2-4d48-bfa2-9d40218a2fb7	canteen	products/6d81c37a-934b-4a5c-b442-29091c629073	\N	2024-11-22 03:57:25.197812+00	2024-11-22 03:57:25.197812+00	2024-11-22 03:57:25.197812+00	{"eTag": "\\"17a631d622aa8356c749bef7229a0d49\\"", "size": 7786, "mimetype": "image/jpeg", "cacheControl": "max-age=3600", "lastModified": "2024-11-22T03:57:26.000Z", "contentLength": 7786, "httpStatusCode": 200}	e0b0b56b-86bc-499a-b150-e215ca627807	\N	{}
bc9d7676-cc2d-48eb-b94d-9c26ee683bd9	canteen	products/57b90174-bb57-44cc-8867-cf256d33728a	\N	2024-11-22 03:57:25.259832+00	2024-11-22 03:57:25.259832+00	2024-11-22 03:57:25.259832+00	{"eTag": "\\"17a631d622aa8356c749bef7229a0d49\\"", "size": 7786, "mimetype": "image/jpeg", "cacheControl": "max-age=3600", "lastModified": "2024-11-22T03:57:26.000Z", "contentLength": 7786, "httpStatusCode": 200}	9ef03159-47fc-43fe-97b1-6b6c8c07eb78	\N	{}
7333cf35-249c-49e7-8116-432f9681b682	canteen	products/6bfc8054-a9de-4efb-b564-8bc4aae4afc7	\N	2024-11-25 05:05:15.172435+00	2024-11-25 05:05:15.172435+00	2024-11-25 05:05:15.172435+00	{"eTag": "\\"7f5a6a6da0fef7e36ee9ab0d383e68a5\\"", "size": 5407, "mimetype": "image/jpeg", "cacheControl": "max-age=3600", "lastModified": "2024-11-25T05:05:16.000Z", "contentLength": 5407, "httpStatusCode": 200}	e82d6e07-3487-478c-a4d8-43476c8542d5	\N	{}
756fc5e9-2775-4d00-8fe8-3c3725c97312	canteen	products/2ce8420a-d6a3-4885-9b44-68fa612817d6	\N	2024-11-25 05:05:17.327751+00	2024-11-25 05:05:17.327751+00	2024-11-25 05:05:17.327751+00	{"eTag": "\\"7f5a6a6da0fef7e36ee9ab0d383e68a5\\"", "size": 5407, "mimetype": "image/jpeg", "cacheControl": "max-age=3600", "lastModified": "2024-11-25T05:05:18.000Z", "contentLength": 5407, "httpStatusCode": 200}	569d4ab4-c3cb-4fda-8012-4610fde7cd99	\N	{}
b82d11c5-a1a1-4ed9-ae45-bdc6779d42dd	canteen	products/19d3b473-2f3b-4fb7-9a28-5c6c7d649873	\N	2024-11-25 05:06:24.687135+00	2024-11-25 05:06:24.687135+00	2024-11-25 05:06:24.687135+00	{"eTag": "\\"cb9e2ae28e92e4dfb53467e554c29663\\"", "size": 6601, "mimetype": "image/jpeg", "cacheControl": "max-age=3600", "lastModified": "2024-11-25T05:06:25.000Z", "contentLength": 6601, "httpStatusCode": 200}	8b5e1238-41fc-414f-8756-cb480f1f0251	\N	{}
c2ff760b-8765-4c3d-88a0-c2ac6694bcd7	canteen	products/5e5f25de-76aa-40ef-8530-18cabdba4751	\N	2024-11-25 05:10:10.509669+00	2024-11-25 05:10:10.509669+00	2024-11-25 05:10:10.509669+00	{"eTag": "\\"484438bc938d5b4b5055776275fd27f9\\"", "size": 5854, "mimetype": "image/jpeg", "cacheControl": "max-age=3600", "lastModified": "2024-11-25T05:10:11.000Z", "contentLength": 5854, "httpStatusCode": 200}	cd0eeeac-c99d-4c20-b123-64071e8bb3ff	\N	{}
c6b09519-510d-4b85-ad5f-8b1b1f460e94	canteen	products/58d83a98-ae28-4e8d-b5b5-9dfe2a7059b6	\N	2024-11-25 05:10:55.311777+00	2024-11-25 05:10:55.311777+00	2024-11-25 05:10:55.311777+00	{"eTag": "\\"6e190e82d6928fafbd7bcc93c33f4abc\\"", "size": 11291, "mimetype": "image/jpeg", "cacheControl": "max-age=3600", "lastModified": "2024-11-25T05:10:56.000Z", "contentLength": 11291, "httpStatusCode": 200}	ebf1550a-34c3-4830-abe0-a258d861ab45	\N	{}
65977196-eb30-4c7b-bacc-258babf6e2d3	canteen	products/afcb3fad-9d87-4c19-8825-6c70453633fa	\N	2024-11-25 05:17:49.969636+00	2024-11-25 05:17:49.969636+00	2024-11-25 05:17:49.969636+00	{"eTag": "\\"2e06b5ce74073f7e458132565ae10871\\"", "size": 9345, "mimetype": "image/jpeg", "cacheControl": "max-age=3600", "lastModified": "2024-11-25T05:17:50.000Z", "contentLength": 9345, "httpStatusCode": 200}	b05d3f97-e7d5-4c9c-bde0-ce3633749340	\N	{}
c4e5b020-9371-45d8-ab6c-e0862a5d191b	canteen	products/e0640691-6707-48aa-aaca-ea64e3656bbb	\N	2024-11-25 05:18:30.785618+00	2024-11-25 05:18:30.785618+00	2024-11-25 05:18:30.785618+00	{"eTag": "\\"ed00fa1bd9494561819c6925ad9c5be3\\"", "size": 9109, "mimetype": "image/jpeg", "cacheControl": "max-age=3600", "lastModified": "2024-11-25T05:18:31.000Z", "contentLength": 9109, "httpStatusCode": 200}	218c363e-a006-46fd-a568-ed7f0811fa56	\N	{}
9a73ef64-e1e7-45d6-8c5a-0973b709e508	canteen	products/5fa6e2ed-6396-4a4e-aad3-8c23c0579541	\N	2024-11-25 05:19:08.132031+00	2024-11-25 05:19:08.132031+00	2024-11-25 05:19:08.132031+00	{"eTag": "\\"53615f567036f6841d8530a1415ea2a0\\"", "size": 14385, "mimetype": "image/jpeg", "cacheControl": "max-age=3600", "lastModified": "2024-11-25T05:19:09.000Z", "contentLength": 14385, "httpStatusCode": 200}	95dfb909-5101-4078-81b5-f727d8ffd113	\N	{}
71f1ad9b-fd45-46a9-96ef-a7de48a21585	canteen	products/bd4e8ea3-4555-424b-b51e-53d140714a56	\N	2024-11-25 05:19:57.314957+00	2024-11-25 05:19:57.314957+00	2024-11-25 05:19:57.314957+00	{"eTag": "\\"4e742d95c282a049b1a02cfd41d571fe\\"", "size": 12304, "mimetype": "image/jpeg", "cacheControl": "max-age=3600", "lastModified": "2024-11-25T05:19:58.000Z", "contentLength": 12304, "httpStatusCode": 200}	b0298a99-ae34-456c-8395-8b51310e7883	\N	{}
9d04358c-6079-4a05-917c-d18bc45de029	canteen	products/2cd37c8a-b34e-49b9-9174-aac5373214ff	\N	2025-03-27 05:16:47.436744+00	2025-03-27 05:16:47.436744+00	2025-03-27 05:16:47.436744+00	{"eTag": "\\"ab331efa07288fb271d74a61ca01eea2\\"", "size": 13729, "mimetype": "image/jpeg", "cacheControl": "max-age=3600", "lastModified": "2025-03-27T05:16:48.000Z", "contentLength": 13729, "httpStatusCode": 200}	671c3e25-aa65-4751-a97e-39787de621c5	\N	{}
fa68a0f0-f177-4175-a33d-265c06dea26d	canteen	products/7c8102c9-1936-46be-b093-9e5e727c80b2	\N	2025-03-27 05:47:17.225394+00	2025-03-27 05:47:17.225394+00	2025-03-27 05:47:17.225394+00	{"eTag": "\\"64b615aa0903bc3db49a6ef426cf9f66\\"", "size": 27970, "mimetype": "image/webp", "cacheControl": "max-age=3600", "lastModified": "2025-03-27T05:47:18.000Z", "contentLength": 27970, "httpStatusCode": 200}	12c52127-fd41-4073-aade-02e477ca3fb6	\N	{}
6aaf5aa8-f67f-4391-af97-4c365a2e12f7	canteen	products/6dd2f8a4-6ac0-4049-80b4-d341313c354b	\N	2025-03-27 05:53:47.358492+00	2025-03-27 05:53:47.358492+00	2025-03-27 05:53:47.358492+00	{"eTag": "\\"e6bb2072d98c38f8cc11a20e5b5973f1\\"", "size": 3989, "mimetype": "image/jpeg", "cacheControl": "max-age=3600", "lastModified": "2025-03-27T05:53:48.000Z", "contentLength": 3989, "httpStatusCode": 200}	47bbcd50-4a4f-4bfa-9763-793ab755117f	\N	{}
08dccf55-56e5-4c55-9c79-2d6de3b6769a	canteen	products/56103a48-1107-4d72-8ea4-c3e8da60adfa	\N	2025-03-27 05:56:37.662595+00	2025-03-27 05:56:37.662595+00	2025-03-27 05:56:37.662595+00	{"eTag": "\\"d7b527eda9621e8e88c39bf698fe8d30\\"", "size": 206351, "mimetype": "image/png", "cacheControl": "max-age=3600", "lastModified": "2025-03-27T05:56:38.000Z", "contentLength": 206351, "httpStatusCode": 200}	4b4401e5-03f8-4159-a871-b88b8b9207ed	\N	{}
62aaf87a-1f99-4d54-99b9-0f1ab828decc	canteen	products/2ae2214d-b19a-4219-8566-c3c0dd2fe4c6	\N	2025-03-27 05:59:03.569637+00	2025-03-27 05:59:03.569637+00	2025-03-27 05:59:03.569637+00	{"eTag": "\\"884eb2b2fadc11527ba2b35da3a2b499\\"", "size": 13428, "mimetype": "image/jpeg", "cacheControl": "max-age=3600", "lastModified": "2025-03-27T05:59:04.000Z", "contentLength": 13428, "httpStatusCode": 200}	94df010e-b80f-487e-b5a7-75be336e9d85	\N	{}
feca41fd-26fb-4956-9279-fa7af9d5fec0	canteen	products/999b1283-1df6-4f62-af0c-2f1b13c1a711	\N	2025-03-27 06:01:45.374285+00	2025-03-27 06:01:45.374285+00	2025-03-27 06:01:45.374285+00	{"eTag": "\\"900788e395a4d68297bdf8e96ff0a2a4\\"", "size": 4945, "mimetype": "image/png", "cacheControl": "max-age=3600", "lastModified": "2025-03-27T06:01:46.000Z", "contentLength": 4945, "httpStatusCode": 200}	f28bbcf1-0fef-4f48-a9ca-b45e5e7e72c8	\N	{}
7dc24f87-ee2a-4e12-be0c-9402cdc9f570	canteen	products/d66e5537-75c6-42d9-8f5e-0d02ef9cffe8	\N	2025-03-27 06:07:18.818713+00	2025-03-27 06:07:18.818713+00	2025-03-27 06:07:18.818713+00	{"eTag": "\\"f171b0f72da4db3d7c5241a596b3cb4c\\"", "size": 6926, "mimetype": "image/jpeg", "cacheControl": "max-age=3600", "lastModified": "2025-03-27T06:07:19.000Z", "contentLength": 6926, "httpStatusCode": 200}	fc3e360a-c9a3-4050-8a26-70faeec0729e	\N	{}
4224e07b-bcaa-41ad-8a63-142b50a88fb7	canteen	products/fd455e01-8aa2-48eb-8eb9-fc06ca158f77	\N	2025-03-27 06:09:53.857987+00	2025-03-27 06:09:53.857987+00	2025-03-27 06:09:53.857987+00	{"eTag": "\\"32dd83195afeb1c7377787c50892753a\\"", "size": 420519, "mimetype": "image/png", "cacheControl": "max-age=3600", "lastModified": "2025-03-27T06:09:54.000Z", "contentLength": 420519, "httpStatusCode": 200}	1f56ec15-5293-4c97-a98e-d263bafa482c	\N	{}
03650a59-9dd6-4118-ad4d-0c8983c47ebb	canteen	products/ab0b3943-2c9c-492e-a623-713d86c2f750	\N	2025-03-27 06:11:28.825676+00	2025-03-27 06:11:28.825676+00	2025-03-27 06:11:28.825676+00	{"eTag": "\\"b687ff11799fe8eddd97aae4802ed8de\\"", "size": 108614, "mimetype": "image/webp", "cacheControl": "max-age=3600", "lastModified": "2025-03-27T06:11:29.000Z", "contentLength": 108614, "httpStatusCode": 200}	d66cd53e-1991-4e5a-8f3a-b41b70ab7d1a	\N	{}
a410133a-af4f-416d-b074-f0f5d1b1063f	canteen	products/a0d99c7b-6118-4586-b8be-3cae801d2fe6	\N	2025-03-27 06:16:15.781528+00	2025-03-27 06:16:15.781528+00	2025-03-27 06:16:15.781528+00	{"eTag": "\\"7db1916a111172274042a3c1fa398985\\"", "size": 9472, "mimetype": "image/jpeg", "cacheControl": "max-age=3600", "lastModified": "2025-03-27T06:16:16.000Z", "contentLength": 9472, "httpStatusCode": 200}	c3ef5944-121d-4b4e-a121-57f18834cc8f	\N	{}
1e75547d-0b04-4b73-8d84-8062ed40641d	canteen	products/1c03f7df-a41a-46ea-b5d6-3a0d3d63df12	\N	2025-03-27 06:19:43.171468+00	2025-03-27 06:19:43.171468+00	2025-03-27 06:19:43.171468+00	{"eTag": "\\"2bf13302843d6c43a10e2c6d338b7812\\"", "size": 3314, "mimetype": "image/jpeg", "cacheControl": "max-age=3600", "lastModified": "2025-03-27T06:19:44.000Z", "contentLength": 3314, "httpStatusCode": 200}	13f77c4d-8d8d-457c-83de-de77cda8f941	\N	{}
34e902ae-7d59-435f-ba7f-421e52f60e0d	canteen	products/31350e89-23fe-45b0-9c65-3dbd8c3c27cf	\N	2025-03-27 06:29:04.183329+00	2025-03-27 06:29:04.183329+00	2025-03-27 06:29:04.183329+00	{"eTag": "\\"5040ff8d6200c4be9e8428a46794aa71\\"", "size": 189164, "mimetype": "image/webp", "cacheControl": "max-age=3600", "lastModified": "2025-03-27T06:29:05.000Z", "contentLength": 189164, "httpStatusCode": 200}	c0780aa6-e81d-42b0-a870-79bea85c1b1a	\N	{}
38cc36c0-25a9-48c8-a728-44520e663301	canteen	products/587502fc-8226-48ea-aec7-3cfebd26cd17	\N	2025-03-27 06:29:07.711112+00	2025-03-27 06:29:07.711112+00	2025-03-27 06:29:07.711112+00	{"eTag": "\\"5040ff8d6200c4be9e8428a46794aa71\\"", "size": 189164, "mimetype": "image/webp", "cacheControl": "max-age=3600", "lastModified": "2025-03-27T06:29:08.000Z", "contentLength": 189164, "httpStatusCode": 200}	20b18c30-a7af-4bc6-bf0d-52e41a4bb428	\N	{}
d1123c8a-d2a2-424f-97ab-527909a91c8d	canteen	products/e253d44b-5324-495d-ae81-521573964b62	\N	2025-03-27 06:30:56.149684+00	2025-03-27 06:30:56.149684+00	2025-03-27 06:30:56.149684+00	{"eTag": "\\"992709fe60fdadac82b333bf0eeab015\\"", "size": 5892, "mimetype": "image/jpeg", "cacheControl": "max-age=3600", "lastModified": "2025-03-27T06:30:57.000Z", "contentLength": 5892, "httpStatusCode": 200}	bcc1b57b-a091-46bf-bcb7-50ea36c64b0d	\N	{}
a5f83924-cf63-4c40-8311-599c7fb97be6	canteen	products/0403a5a1-71fd-494c-8064-03c63a273069	\N	2025-03-27 06:33:38.987559+00	2025-03-27 06:33:38.987559+00	2025-03-27 06:33:38.987559+00	{"eTag": "\\"4e9cc5b36b37293d96462f2dc9a583d0\\"", "size": 13260, "mimetype": "image/webp", "cacheControl": "max-age=3600", "lastModified": "2025-03-27T06:33:39.000Z", "contentLength": 13260, "httpStatusCode": 200}	178c7b26-3c32-4109-bfc5-2d6b2cb7ff94	\N	{}
0e90abde-48e8-4271-88c0-ac0b9b8022ea	canteen	products/b27b3b7a-0cbb-435c-b20b-a09f3c8e4bb6	\N	2025-03-27 06:36:19.128479+00	2025-03-27 06:36:19.128479+00	2025-03-27 06:36:19.128479+00	{"eTag": "\\"358c8e7d29dfef218a3bd139c148dc2c\\"", "size": 7482, "mimetype": "image/jpeg", "cacheControl": "max-age=3600", "lastModified": "2025-03-27T06:36:20.000Z", "contentLength": 7482, "httpStatusCode": 200}	75f33c65-ea31-4022-ba9e-d3bd59e74232	\N	{}
ca9de3d3-c760-4a59-a82f-8fd7c8f107e9	canteen	products/7fbfe803-67ba-4010-852e-b25de1caac29	\N	2025-03-31 01:49:59.742954+00	2025-03-31 01:49:59.742954+00	2025-03-31 01:49:59.742954+00	{"eTag": "\\"a823b8c474e066b076dfe8e8ee37c725\\"", "size": 4692, "mimetype": "image/jpeg", "cacheControl": "max-age=3600", "lastModified": "2025-03-31T01:50:00.000Z", "contentLength": 4692, "httpStatusCode": 200}	a5662ea8-7289-4a15-8cef-52c335eb6700	\N	{}
e4509d67-27e3-4bf9-8e09-5db0f991b97a	canteen	products/d9b19407-54f6-4c2a-ad36-1a9a51d0fb49	\N	2025-03-31 01:55:01.777577+00	2025-03-31 01:55:01.777577+00	2025-03-31 01:55:01.777577+00	{"eTag": "\\"f7011fc113f4ebf3a058e6d2bd901116\\"", "size": 2348, "mimetype": "image/jpeg", "cacheControl": "max-age=3600", "lastModified": "2025-03-31T01:55:02.000Z", "contentLength": 2348, "httpStatusCode": 200}	dfbb95e5-706c-44cd-be9d-d7887e684258	\N	{}
472d8778-fd43-4ad1-bc03-baeda6057cef	canteen	products/37afb06f-dc12-4352-87f8-2ef8757db376	\N	2025-03-31 01:58:28.650584+00	2025-03-31 01:58:28.650584+00	2025-03-31 01:58:28.650584+00	{"eTag": "\\"6e15707cf449852df3e25e872e0e1ce8\\"", "size": 11195, "mimetype": "image/jpeg", "cacheControl": "max-age=3600", "lastModified": "2025-03-31T01:58:29.000Z", "contentLength": 11195, "httpStatusCode": 200}	eac0505c-ece1-47f4-9c4f-4eb8b441cfeb	\N	{}
1868c104-4f89-45d2-84a2-a1b58c859a7c	canteen	products/cc482d60-34bc-49bb-8aa2-83d099d05833	\N	2025-03-31 01:58:30.650862+00	2025-03-31 01:58:30.650862+00	2025-03-31 01:58:30.650862+00	{"eTag": "\\"6e15707cf449852df3e25e872e0e1ce8\\"", "size": 11195, "mimetype": "image/jpeg", "cacheControl": "max-age=3600", "lastModified": "2025-03-31T01:58:31.000Z", "contentLength": 11195, "httpStatusCode": 200}	462ca70d-2dde-478b-a358-c1a64428054e	\N	{}
6f781bf8-9644-4861-b9dc-3f97143d376d	canteen	products/d4ba1b36-e30d-4bde-acb0-9250b4ce5964	\N	2025-03-31 02:05:21.578256+00	2025-03-31 02:05:21.578256+00	2025-03-31 02:05:21.578256+00	{"eTag": "\\"7aa6a33ddc75382bb0d8ffeb3e39c385\\"", "size": 15297, "mimetype": "image/jpeg", "cacheControl": "max-age=3600", "lastModified": "2025-03-31T02:05:22.000Z", "contentLength": 15297, "httpStatusCode": 200}	7e13286a-8fda-462b-b2ca-db29926f2898	\N	{}
56f3d41d-e870-4305-92ae-a6f610d54a8f	canteen	products/0c367643-dd24-4e50-bc5d-13fa52e3db5f	\N	2025-04-03 23:40:40.143104+00	2025-04-03 23:40:40.143104+00	2025-04-03 23:40:40.143104+00	{"eTag": "\\"708859aca736669f1b445bbcef3101ad\\"", "size": 70262, "mimetype": "image/jpeg", "cacheControl": "max-age=3600", "lastModified": "2025-04-03T23:40:41.000Z", "contentLength": 70262, "httpStatusCode": 200}	980f1c1e-075e-47b4-9620-443c864d0056	\N	{}
b24afca5-46fa-4a45-a291-6984eeee71ff	canteen	products/16c344f1-15f9-4e7e-a997-4bc3f92abdb7	\N	2025-04-03 23:43:27.308437+00	2025-04-03 23:43:27.308437+00	2025-04-03 23:43:27.308437+00	{"eTag": "\\"708859aca736669f1b445bbcef3101ad\\"", "size": 70262, "mimetype": "image/jpeg", "cacheControl": "max-age=3600", "lastModified": "2025-04-03T23:43:28.000Z", "contentLength": 70262, "httpStatusCode": 200}	cdbbcbdf-d7a2-450f-b7be-a674bad9042f	\N	{}
aee90531-2ec8-40c6-adb0-471d73c6b71d	canteen	products/889ec6f1-241b-41ee-a430-5fe0cfcef041	\N	2025-04-03 23:45:20.408685+00	2025-04-03 23:45:20.408685+00	2025-04-03 23:45:20.408685+00	{"eTag": "\\"6d59d44c9caba5fb18866df187f12470\\"", "size": 102657, "mimetype": "image/jpeg", "cacheControl": "max-age=3600", "lastModified": "2025-04-03T23:45:21.000Z", "contentLength": 102657, "httpStatusCode": 200}	98c3370d-52e3-4a24-a257-f28d6e745e7f	\N	{}
b4cf8e82-5582-41dc-937b-88c3d6accf23	canteen	products/64628f56-ff85-4eb8-985d-42753c5c5241	\N	2025-04-03 23:52:06.550323+00	2025-04-03 23:52:06.550323+00	2025-04-03 23:52:06.550323+00	{"eTag": "\\"708859aca736669f1b445bbcef3101ad\\"", "size": 70262, "mimetype": "image/jpeg", "cacheControl": "max-age=3600", "lastModified": "2025-04-03T23:52:07.000Z", "contentLength": 70262, "httpStatusCode": 200}	5a1ac1eb-32d6-4e3a-8485-be117d32acc3	\N	{}
a35ec847-ec06-4d98-8ae8-aaf27be5b03b	canteen	products/e804cf9a-5833-41ef-869b-4999d4544f8f	\N	2025-04-04 00:09:37.493647+00	2025-04-04 00:09:37.493647+00	2025-04-04 00:09:37.493647+00	{"eTag": "\\"708859aca736669f1b445bbcef3101ad\\"", "size": 70262, "mimetype": "image/jpeg", "cacheControl": "max-age=3600", "lastModified": "2025-04-04T00:09:38.000Z", "contentLength": 70262, "httpStatusCode": 200}	bdc2cafd-0892-4886-8f36-4d3e853f61bd	\N	{}
5ded0979-db0e-469f-93c2-d62171537a26	canteen	products/857e8278-dca7-4a96-bf3f-fd2a022a38cd	\N	2025-04-04 00:16:01.119287+00	2025-04-04 00:16:01.119287+00	2025-04-04 00:16:01.119287+00	{"eTag": "\\"708859aca736669f1b445bbcef3101ad\\"", "size": 70262, "mimetype": "image/jpeg", "cacheControl": "max-age=3600", "lastModified": "2025-04-04T00:16:02.000Z", "contentLength": 70262, "httpStatusCode": 200}	6ec2e7e7-2bff-4521-bdae-9dbc647f5252	\N	{}
43c49d8e-dc0b-493d-97f4-1fa620b02563	canteen	products/58764d69-956c-418d-b6f6-f2c6bc90f7ca	\N	2025-04-04 00:24:39.561087+00	2025-04-04 00:24:39.561087+00	2025-04-04 00:24:39.561087+00	{"eTag": "\\"708859aca736669f1b445bbcef3101ad\\"", "size": 70262, "mimetype": "image/jpeg", "cacheControl": "max-age=3600", "lastModified": "2025-04-04T00:24:40.000Z", "contentLength": 70262, "httpStatusCode": 200}	d48c683a-560d-4876-bf6a-2a5c4522de1c	\N	{}
3c3f8069-7846-48a0-b552-46c972bb7da6	canteen	products/d4651cdc-ec58-4abf-aa1c-1cfa0bbffe8d	\N	2025-04-07 09:25:43.989829+00	2025-04-07 09:25:43.989829+00	2025-04-07 09:25:43.989829+00	{"eTag": "\\"708859aca736669f1b445bbcef3101ad\\"", "size": 70262, "mimetype": "image/jpeg", "cacheControl": "max-age=3600", "lastModified": "2025-04-07T09:25:44.000Z", "contentLength": 70262, "httpStatusCode": 200}	1184c4c3-b6b9-4458-92e2-8d2d67794601	\N	{}
0e8201c5-8554-4c77-9ada-7b58b7f43497	canteen	products/b48f775d-278a-4afb-8708-a5ace21592a2	\N	2025-04-07 09:32:40.807707+00	2025-04-07 09:32:40.807707+00	2025-04-07 09:32:40.807707+00	{"eTag": "\\"56e221e2b431adcfcd8b7986a46d6ce0\\"", "size": 107568, "mimetype": "image/png", "cacheControl": "max-age=3600", "lastModified": "2025-04-07T09:32:41.000Z", "contentLength": 107568, "httpStatusCode": 200}	854d614c-ad5d-4651-a483-822b23d4f632	\N	{}
0988722a-333d-4cc4-9849-6377f8a92d2c	canteen	products/c6fba459-8abd-4dc6-be73-7899624ad064	\N	2025-04-07 09:33:42.540075+00	2025-04-07 09:33:42.540075+00	2025-04-07 09:33:42.540075+00	{"eTag": "\\"708859aca736669f1b445bbcef3101ad\\"", "size": 70262, "mimetype": "image/jpeg", "cacheControl": "max-age=3600", "lastModified": "2025-04-07T09:33:43.000Z", "contentLength": 70262, "httpStatusCode": 200}	56870b90-88c6-4ecd-9977-0e6b187f859b	\N	{}
432147c5-db33-4e25-86ff-02447a086ecd	canteen	products/34c21470-5224-438f-94c8-8862511b2cf9	\N	2025-04-07 15:12:50.760909+00	2025-04-07 15:12:50.760909+00	2025-04-07 15:12:50.760909+00	{"eTag": "\\"985cb47caf7066177a268ddb471a6566\\"", "size": 8109, "mimetype": "image/jpeg", "cacheControl": "max-age=3600", "lastModified": "2025-04-07T15:12:51.000Z", "contentLength": 8109, "httpStatusCode": 200}	ae695699-04d3-4c73-9d89-72a20782f82b	\N	{}
fb8301c1-dc44-4c5e-a74b-a09bf53818e5	canteen	products/db1619b5-3fb5-4683-9c6f-83bb3044a82a	\N	2025-04-07 15:13:34.359656+00	2025-04-07 15:13:34.359656+00	2025-04-07 15:13:34.359656+00	{"eTag": "\\"985cb47caf7066177a268ddb471a6566\\"", "size": 8109, "mimetype": "image/jpeg", "cacheControl": "max-age=3600", "lastModified": "2025-04-07T15:13:35.000Z", "contentLength": 8109, "httpStatusCode": 200}	38d81578-ac15-4167-949e-99df498458bd	\N	{}
8ace359b-458b-4934-8515-b6f7d24cf6ba	canteen	products/5008e922-fd81-4acc-af9e-d70bd75caab9	\N	2025-04-08 02:22:22.200049+00	2025-04-08 02:22:22.200049+00	2025-04-08 02:22:22.200049+00	{"eTag": "\\"985cb47caf7066177a268ddb471a6566\\"", "size": 8109, "mimetype": "image/jpeg", "cacheControl": "max-age=3600", "lastModified": "2025-04-08T02:22:23.000Z", "contentLength": 8109, "httpStatusCode": 200}	64f5cbb2-1827-4e65-b87c-239da762f8ee	\N	{}
782db979-a4ee-439f-84bc-549adf9a72fd	canteen	products/c8575d0f-98b1-42d9-96df-cd577e82c787	\N	2025-04-08 02:22:54.988139+00	2025-04-08 02:22:54.988139+00	2025-04-08 02:22:54.988139+00	{"eTag": "\\"985cb47caf7066177a268ddb471a6566\\"", "size": 8109, "mimetype": "image/jpeg", "cacheControl": "max-age=3600", "lastModified": "2025-04-08T02:22:55.000Z", "contentLength": 8109, "httpStatusCode": 200}	55167ab3-81af-4915-8f73-5d1c45e02c5b	\N	{}
fdee779e-29b7-41bc-afea-c590893675ae	canteen	products/75f4be6b-af92-4baa-98d1-e90a4cb8783e	\N	2025-04-08 02:26:48.884615+00	2025-04-08 02:26:48.884615+00	2025-04-08 02:26:48.884615+00	{"eTag": "\\"985cb47caf7066177a268ddb471a6566\\"", "size": 8109, "mimetype": "image/jpeg", "cacheControl": "max-age=3600", "lastModified": "2025-04-08T02:26:49.000Z", "contentLength": 8109, "httpStatusCode": 200}	cd6a9316-07c3-4d70-80d5-99249b6858fc	\N	{}
94f9f92a-6e41-491f-8aca-b709630dff0a	canteen	products/f8518afc-6381-435c-b783-fea85905b476	\N	2025-04-08 09:35:51.610501+00	2025-04-08 09:35:51.610501+00	2025-04-08 09:35:51.610501+00	{"eTag": "\\"752a4a543bcb8c726d151e3f4e66e912\\"", "size": 840272, "mimetype": "image/png", "cacheControl": "max-age=3600", "lastModified": "2025-04-08T09:35:52.000Z", "contentLength": 840272, "httpStatusCode": 200}	a1e6dffd-62f7-440b-ab52-9c8a21ce9152	\N	{}
f87360c5-36d5-4508-9bd1-2cbbeb2804a5	canteen	products/5daacb56-5c31-4813-ac60-2f020f2e1e57	\N	2025-04-08 09:35:54.98985+00	2025-04-08 09:35:54.98985+00	2025-04-08 09:35:54.98985+00	{"eTag": "\\"752a4a543bcb8c726d151e3f4e66e912\\"", "size": 840272, "mimetype": "image/png", "cacheControl": "max-age=3600", "lastModified": "2025-04-08T09:35:55.000Z", "contentLength": 840272, "httpStatusCode": 200}	319a2f1c-cc08-4832-bb37-03878e546306	\N	{}
7502e8f9-a877-42af-853a-22a4a4862acf	canteen	products/833021eb-d533-44cc-b357-773c1dfedd46	\N	2025-04-21 06:47:10.519915+00	2025-04-21 06:47:10.519915+00	2025-04-21 06:47:10.519915+00	{"eTag": "\\"9d560a0c409e20436c0c62306f215f6b\\"", "size": 30572, "mimetype": "image/jpeg", "cacheControl": "max-age=3600", "lastModified": "2025-04-21T06:47:11.000Z", "contentLength": 30572, "httpStatusCode": 200}	eaad182b-3d37-4147-9d45-b7b217095a35	\N	{}
7a323a2f-0c74-47c0-93a4-4fea0c754fc0	canteen	products/105e89a1-b681-44b2-8e1e-4cc6b98ce93f	\N	2025-04-21 06:48:07.667301+00	2025-04-21 06:48:07.667301+00	2025-04-21 06:48:07.667301+00	{"eTag": "\\"9d560a0c409e20436c0c62306f215f6b\\"", "size": 30572, "mimetype": "image/jpeg", "cacheControl": "max-age=3600", "lastModified": "2025-04-21T06:48:08.000Z", "contentLength": 30572, "httpStatusCode": 200}	a3f067ed-aeed-4fde-84e7-9c53f89344de	\N	{}
6436776d-e7bc-4448-8def-b5cec760157a	canteen	products/304c2110-8962-438d-86e2-3db2b271e0f1	\N	2025-04-21 06:49:17.603688+00	2025-04-21 06:49:17.603688+00	2025-04-21 06:49:17.603688+00	{"eTag": "\\"9d560a0c409e20436c0c62306f215f6b\\"", "size": 30572, "mimetype": "image/jpeg", "cacheControl": "max-age=3600", "lastModified": "2025-04-21T06:49:18.000Z", "contentLength": 30572, "httpStatusCode": 200}	4b6a391c-4089-43ff-b35c-1ec10565ed2d	\N	{}
021a4a5f-0505-49a2-8c3e-4776e763a502	canteen	products/cce8a0c9-a009-402e-8de0-41a3973cb196	\N	2025-04-21 06:50:15.248958+00	2025-04-21 06:50:15.248958+00	2025-04-21 06:50:15.248958+00	{"eTag": "\\"9d560a0c409e20436c0c62306f215f6b\\"", "size": 30572, "mimetype": "image/jpeg", "cacheControl": "max-age=3600", "lastModified": "2025-04-21T06:50:16.000Z", "contentLength": 30572, "httpStatusCode": 200}	a317bfbd-d001-42fc-bde1-1be49762bf43	\N	{}
48d3e701-f4c7-423d-8320-8b0fd4b94b84	canteen	products/50f530e7-341a-45d2-b385-5d2b5bf6f7eb	\N	2025-04-22 03:24:21.20076+00	2025-04-22 03:24:21.20076+00	2025-04-22 03:24:21.20076+00	{"eTag": "\\"1e73a95961e6dcfe264c4c23fed8874a\\"", "size": 147749, "mimetype": "image/png", "cacheControl": "max-age=3600", "lastModified": "2025-04-22T03:24:22.000Z", "contentLength": 147749, "httpStatusCode": 200}	6fbc1fea-3387-40a8-81da-c2853ecc7b32	\N	{}
325b5328-dc63-4506-8bff-91a195618932	canteen	products/33317e7a-48a0-479d-9f71-ac2e2244ca95	\N	2025-04-22 07:09:08.163231+00	2025-04-22 07:09:08.163231+00	2025-04-22 07:09:08.163231+00	{"eTag": "\\"916d7e36786c1a3973eff63cd48a411e\\"", "size": 8377, "mimetype": "image/jpeg", "cacheControl": "max-age=3600", "lastModified": "2025-04-22T07:09:09.000Z", "contentLength": 8377, "httpStatusCode": 200}	90f5359c-7de6-4b52-a5f6-36ff6d97be29	\N	{}
cbe7b9ac-120b-436a-8e20-4f7f0c3be938	canteen	products/98e34ba5-dd9b-46b6-b3d8-68d1b5916590	\N	2025-04-22 23:55:26.286644+00	2025-04-22 23:55:26.286644+00	2025-04-22 23:55:26.286644+00	{"eTag": "\\"d2eacd5634df33d108c57fe33473883a\\"", "size": 1683942, "mimetype": "image/png", "cacheControl": "max-age=3600", "lastModified": "2025-04-22T23:55:27.000Z", "contentLength": 1683942, "httpStatusCode": 200}	9d612ead-883a-4aef-bbc5-846bc12f482a	\N	{}
f247d9ac-879b-4ddd-97e2-985a7211d648	canteen	products/ac5767a2-f8bf-4f02-a718-4da92efc48d8	\N	2025-04-30 01:18:41.482849+00	2025-04-30 01:18:41.482849+00	2025-04-30 01:18:41.482849+00	{"eTag": "\\"c2c50280c677a4990c5c3140fd3b40fc\\"", "size": 254701, "mimetype": "image/jpeg", "cacheControl": "max-age=3600", "lastModified": "2025-04-30T01:18:42.000Z", "contentLength": 254701, "httpStatusCode": 200}	1cadc66a-d854-4026-be0b-85ee1f88b52e	\N	{}
23d9a709-9c03-4a60-a77e-e2a35d156524	canteen	products/8caced95-4db7-4a7c-a7a3-32b7ef8a27a2	\N	2025-05-14 00:37:45.032075+00	2025-05-14 00:37:45.032075+00	2025-05-14 00:37:45.032075+00	{"eTag": "\\"29b55b08aebfa5fc622a5072d9cb7d66\\"", "size": 34281, "mimetype": "image/png", "cacheControl": "max-age=3600", "lastModified": "2025-05-14T00:37:45.000Z", "contentLength": 34281, "httpStatusCode": 200}	299834c3-97a5-4cec-ba30-20c5c8902955	\N	{}
\.


--
-- Data for Name: s3_multipart_uploads; Type: TABLE DATA; Schema: storage; Owner: supabase_storage_admin
--

COPY storage.s3_multipart_uploads (id, in_progress_size, upload_signature, bucket_id, key, version, owner_id, created_at, user_metadata) FROM stdin;
\.


--
-- Data for Name: s3_multipart_uploads_parts; Type: TABLE DATA; Schema: storage; Owner: supabase_storage_admin
--

COPY storage.s3_multipart_uploads_parts (id, upload_id, size, part_number, bucket_id, key, etag, owner_id, version, created_at) FROM stdin;
\.


--
-- Data for Name: secrets; Type: TABLE DATA; Schema: vault; Owner: supabase_admin
--

COPY vault.secrets (id, name, description, secret, key_id, nonce, created_at, updated_at) FROM stdin;
\.


--
-- Name: refresh_tokens_id_seq; Type: SEQUENCE SET; Schema: auth; Owner: supabase_auth_admin
--

SELECT pg_catalog.setval('auth.refresh_tokens_id_seq', 1, false);


--
-- Name: key_key_id_seq; Type: SEQUENCE SET; Schema: pgsodium; Owner: supabase_admin
--

SELECT pg_catalog.setval('pgsodium.key_key_id_seq', 1, false);


--
-- Name: Admin_id_seq; Type: SEQUENCE SET; Schema: public; Owner: postgres
--

SELECT pg_catalog.setval('public."Admin_id_seq"', 1, false);


--
-- Name: ArchivedProduct_id_seq; Type: SEQUENCE SET; Schema: public; Owner: postgres
--

SELECT pg_catalog.setval('public."ArchivedProduct_id_seq"', 52, true);


--
-- Name: Cashier_id_seq; Type: SEQUENCE SET; Schema: public; Owner: postgres
--

SELECT pg_catalog.setval('public."Cashier_id_seq"', 7, true);


--
-- Name: Category_id_seq; Type: SEQUENCE SET; Schema: public; Owner: postgres
--

SELECT pg_catalog.setval('public."Category_id_seq"', 10, true);


--
-- Name: Orders_id_seq; Type: SEQUENCE SET; Schema: public; Owner: postgres
--

SELECT pg_catalog.setval('public."Orders_id_seq"', 269, true);


--
-- Name: PaymentRecordList_id_seq; Type: SEQUENCE SET; Schema: public; Owner: postgres
--

SELECT pg_catalog.setval('public."PaymentRecordList_id_seq"', 120, true);


--
-- Name: PaymentRecord_id_seq; Type: SEQUENCE SET; Schema: public; Owner: postgres
--

SELECT pg_catalog.setval('public."PaymentRecord_id_seq"', 120, true);


--
-- Name: ProductPriceHistory_id_seq; Type: SEQUENCE SET; Schema: public; Owner: postgres
--

SELECT pg_catalog.setval('public."ProductPriceHistory_id_seq"', 163, true);


--
-- Name: Product_id_seq; Type: SEQUENCE SET; Schema: public; Owner: postgres
--

SELECT pg_catalog.setval('public."Product_id_seq"', 72, true);


--
-- Name: StockHistory_id_seq; Type: SEQUENCE SET; Schema: public; Owner: postgres
--

SELECT pg_catalog.setval('public."StockHistory_id_seq"', 164, true);


--
-- Name: Transaction_id_seq; Type: SEQUENCE SET; Schema: public; Owner: postgres
--

SELECT pg_catalog.setval('public."Transaction_id_seq"', 170, true);


--
-- Name: subscription_id_seq; Type: SEQUENCE SET; Schema: realtime; Owner: supabase_admin
--

SELECT pg_catalog.setval('realtime.subscription_id_seq', 1, false);


--
-- PostgreSQL database dump complete
--

